<?xml version="1.0" encoding="UTF-8"?>
<metadata xml:lang="en"><Esri><CreaDate>20180430</CreaDate><CreaTime>19455300</CreaTime><ArcGISFormat>1.0</ArcGISFormat><SyncOnce>FALSE</SyncOnce><DataProperties><lineage><Process ToolSource="c:\program files (x86)\arcgis\desktop10.4\ArcToolbox\Toolboxes\Data Management Tools.tbx\CalculateField" Date="20171108" Time="104541">CalculateField Demographics\DEMO_Population_Age_DGEEC_2015 Total_pop "[A0_4] + [A5_9] + [A10_14] + [A15_19] + [A20_24] + [A25_29] + [A30_34] + [A35_39] + [A40_44] + [A45_49] + [A50_54] + [A55_59] + [A60_64] + [A65_69] + [A70_74] + [A75_79] + [A80_]" VB #</Process><Process ToolSource="c:\program files (x86)\arcgis\desktop10.4\ArcToolbox\Toolboxes\Data Management Tools.tbx\CalculateField" Date="20171108" Time="114159">CalculateField Demographics\DEMO_Population_Age_DGEEC_2015 A15_64 "[A15_19] + [A20_24] + [A25_29] + [A30_34] + [A35_39] + [A40_44] + [A45_49] + [A50_54] + [A55_59] + [A60_64]" VB #</Process><Process ToolSource="c:\program files (x86)\arcgis\desktop10.5\ArcToolbox\Toolboxes\Data Management Tools.tbx\CalculateField" Date="20171215" Time="094858">CalculateField DEMO_Population_Age_DGEEC_2015 density_ha "[Total_pop] / [Area_ha]" VB #</Process><Process ToolSource="c:\program files (x86)\arcgis\desktop10.5\ArcToolbox\Toolboxes\Data Management Tools.tbx\DeleteField" Date="20171218" Time="184553">DeleteField Matriculacion_Inicial_Media_MEC_2013 A20_24;A25_29;A30_34;A35_39;A40_44;A45_49;A50_54;A55_59;A60_64;A65_69;A70_74;A75_79;A80_;A15_64;other</Process><Process ToolSource="c:\program files (x86)\arcgis\desktop10.5\ArcToolbox\Toolboxes\Data Management Tools.tbx\CalculateField" Date="20171218" Time="185451">CalculateField Matriculacion_Inicial_Media_MEC_2013 CensusName ucase( [District_J]) VB #</Process><Process ToolSource="c:\program files (x86)\arcgis\desktop10.5\ArcToolbox\Toolboxes\Data Management Tools.tbx\CalculateField" Date="20171220" Time="162034">CalculateField "% de población 0-4 años de edad" Pct_Inicia "[Mat_Inicia] / [A0_4]" VB #</Process><Process ToolSource="c:\program files (x86)\arcgis\desktop10.5\ArcToolbox\Toolboxes\Data Management Tools.tbx\CalculateField" Date="20171220" Time="162210">CalculateField "% de población 0-4 años de edad" Pct_Media "[Mat_Media] / [A15_19]" VB #</Process><Process ToolSource="c:\program files (x86)\arcgis\desktop10.5\ArcToolbox\Toolboxes\Data Management Tools.tbx\CalculateField" Date="20180105" Time="130948">CalculateField "% de población 0-4 años de edad" P_Inicial "[Pct_Inicia] *100" VB #</Process><Process ToolSource="c:\program files (x86)\arcgis\desktop10.5\ArcToolbox\Toolboxes\Data Management Tools.tbx\CalculateField" Date="20180111" Time="183720">CalculateField Matriculacion_Inicial_Media_MEC_2013 Mat_Media 594 VB #</Process><Process ToolSource="c:\program files (x86)\arcgis\desktop10.5\ArcToolbox\Toolboxes\Data Management Tools.tbx\CalculateField" Date="20180111" Time="184309">CalculateField Matriculacion_Inicial_Media_MEC_2013 Mat_Inicia 284 VB #</Process><Process ToolSource="c:\program files (x86)\arcgis\desktop10.5\ArcToolbox\Toolboxes\Data Management Tools.tbx\CalculateField" Date="20180111" Time="184937">CalculateField Matriculacion_Inicial_Media_MEC_2013 Pct_Inicia "[Mat_Inicia] / [A0_4]" VB #</Process><Process ToolSource="c:\program files (x86)\arcgis\desktop10.5\ArcToolbox\Toolboxes\Data Management Tools.tbx\CalculateField" Date="20180111" Time="184954">CalculateField Matriculacion_Inicial_Media_MEC_2013 Pct_Media "[Mat_Media] / [A15_19]" VB #</Process><Process ToolSource="c:\program files (x86)\arcgis\desktop10.5\ArcToolbox\Toolboxes\Data Management Tools.tbx\Project" Date="20180124" Time="160816">Project Matriculacion_Inicial_Media_MEC_2013 "C:\Users\Barry\Dropbox (GeoAdaptive)\2017_043_BID_Paraguay_MASTER\GIS\Analysis\Education\Matriculacion_Inicial_Media_MEC_2013_proj.shp" PROJCS['WGS_1984_UTM_Zone_21S',GEOGCS['GCS_WGS_1984',DATUM['D_WGS_1984',SPHEROID['WGS_1984',6378137.0,298.257223563]],PRIMEM['Greenwich',0.0],UNIT['Degree',0.0174532925199433]],PROJECTION['Transverse_Mercator'],PARAMETER['False_Easting',500000.0],PARAMETER['False_Northing',10000000.0],PARAMETER['Central_Meridian',-57.0],PARAMETER['Scale_Factor',0.9996],PARAMETER['Latitude_Of_Origin',0.0],UNIT['Meter',1.0]] # GEOGCS['GCS_WGS_1984',DATUM['D_WGS_1984',SPHEROID['WGS_1984',6378137.0,298.257223563]],PRIMEM['Greenwich',0.0],UNIT['Degree',0.0174532925199433]] NO_PRESERVE_SHAPE # NO_VERTICAL</Process><Process ToolSource="c:\program files (x86)\arcgis\desktop10.5\ArcToolbox\Toolboxes\Data Management Tools.tbx\CalculateField" Date="20180209" Time="151609">CalculateField SERV_Matriculacion_Inicial_Media_AP_MEC_2013_PRY P_Media "[Pct_Media] *100" VB #</Process><Process Name="Merge" ToolSource="c:\program files (x86)\arcgis\desktop10.5\ArcToolbox\Toolboxes\Data Management Tools.tbx\Merge" Date="20180209" Time="171814">Merge Edu\SERV_Matriculacion_Media_AP_MEC_2013_PRY;Edu\SERV_Matriculacion_Media_OP_INEP_2013_BRA "E:\Dropbox (GeoAdaptive)\2017_044_BID_Alto_Parana_MASTER\GIS\Derived\SERV\SERV_Matriculacion_Media_Merged_2013_PRY_BRA.shp" "IDUSCO "IDUSCO" true true false 19 Double 0 0 ,First,#,Edu\SERV_Matriculacion_Media_AP_MEC_2013_PRY,IDUSCO,-1,-1;NAM "NAM" true true false 100 Text 0 0 ,First,#,Edu\SERV_Matriculacion_Media_AP_MEC_2013_PRY,NAM,-1,-1;Department "Department" true true false 254 Text 0 0 ,First,#,Edu\SERV_Matriculacion_Media_AP_MEC_2013_PRY,Department,-1,-1;District_J "District_J" true true false 254 Text 0 0 ,First,#,Edu\SERV_Matriculacion_Media_AP_MEC_2013_PRY,District_J,-1,-1;A0_4 "A0_4" true true false 19 Double 0 0 ,First,#,Edu\SERV_Matriculacion_Media_AP_MEC_2013_PRY,A0_4,-1,-1,Edu\SERV_Matriculacion_Media_OP_INEP_2013_BRA,A0_4,-1,-1;A5_9 "A5_9" true true false 19 Double 0 0 ,First,#,Edu\SERV_Matriculacion_Media_AP_MEC_2013_PRY,A5_9,-1,-1,Edu\SERV_Matriculacion_Media_OP_INEP_2013_BRA,A5_9,-1,-1;A10_14 "A10_14" true true false 19 Double 0 0 ,First,#,Edu\SERV_Matriculacion_Media_AP_MEC_2013_PRY,A10_14,-1,-1,Edu\SERV_Matriculacion_Media_OP_INEP_2013_BRA,A10_14,-1,-1;A15_19 "A15_19" true true false 19 Double 0 0 ,First,#,Edu\SERV_Matriculacion_Media_AP_MEC_2013_PRY,A15_19,-1,-1,Edu\SERV_Matriculacion_Media_OP_INEP_2013_BRA,A15_19,-1,-1;Total_pop "Total_pop" true true false 10 Long 0 10 ,First,#,Edu\SERV_Matriculacion_Media_AP_MEC_2013_PRY,Total_pop,-1,-1,Edu\SERV_Matriculacion_Media_OP_INEP_2013_BRA,TOTAL_POP,-1,-1;Area_ha "Area_ha" true true false 19 Double 0 0 ,First,#,Edu\SERV_Matriculacion_Media_AP_MEC_2013_PRY,Area_ha,-1,-1;CensusName "CensusName" true true false 50 Text 0 0 ,First,#,Edu\SERV_Matriculacion_Media_AP_MEC_2013_PRY,CensusName,-1,-1;density_ha "density_ha" true true false 19 Double 0 0 ,First,#,Edu\SERV_Matriculacion_Media_AP_MEC_2013_PRY,density_ha,-1,-1;Mat_Inicia "Mat_Inicia" true true false 10 Long 0 10 ,First,#,Edu\SERV_Matriculacion_Media_AP_MEC_2013_PRY,Mat_Inicia,-1,-1;Mat_Media "Mat_Media" true true false 10 Long 0 10 ,First,#,Edu\SERV_Matriculacion_Media_AP_MEC_2013_PRY,Mat_Media,-1,-1;Pct_Inicia "Pct_Inicia" true true false 19 Double 0 0 ,First,#,Edu\SERV_Matriculacion_Media_AP_MEC_2013_PRY,Pct_Inicia,-1,-1;Pct_Media "Pct_Media" true true false 19 Double 0 0 ,First,#,Edu\SERV_Matriculacion_Media_AP_MEC_2013_PRY,Pct_Media,-1,-1;area_km2 "area_km2" true true false 19 Double 0 0 ,First,#,Edu\SERV_Matriculacion_Media_AP_MEC_2013_PRY,area_km2,-1,-1,Edu\SERV_Matriculacion_Media_OP_INEP_2013_BRA,Area_km2,-1,-1;P_Inicial "P_Inicial" true true false 10 Long 0 10 ,First,#,Edu\SERV_Matriculacion_Media_AP_MEC_2013_PRY,P_Inicial,-1,-1;P_Media "P_Media" true true false 19 Double 0 0 ,First,#,Edu\SERV_Matriculacion_Media_AP_MEC_2013_PRY,P_Media,-1,-1;OBJECTID "OBJECTID" true true false 10 Long 0 10 ,First,#,Edu\SERV_Matriculacion_Media_OP_INEP_2013_BRA,OBJECTID,-1,-1;ID "ID" true true false 19 Double 0 0 ,First,#,Edu\SERV_Matriculacion_Media_OP_INEP_2013_BRA,ID,-1,-1;A20_24 "A20_24" true true false 19 Double 0 0 ,First,#,Edu\SERV_Matriculacion_Media_OP_INEP_2013_BRA,A20_24,-1,-1;A25_29 "A25_29" true true false 19 Double 0 0 ,First,#,Edu\SERV_Matriculacion_Media_OP_INEP_2013_BRA,A25_29,-1,-1;A30_34 "A30_34" true true false 19 Double 0 0 ,First,#,Edu\SERV_Matriculacion_Media_OP_INEP_2013_BRA,A30_34,-1,-1;A35_39 "A35_39" true true false 19 Double 0 0 ,First,#,Edu\SERV_Matriculacion_Media_OP_INEP_2013_BRA,A35_39,-1,-1;A40_44 "A40_44" true true false 19 Double 0 0 ,First,#,Edu\SERV_Matriculacion_Media_OP_INEP_2013_BRA,A40_44,-1,-1;A45_49 "A45_49" true true false 19 Double 0 0 ,First,#,Edu\SERV_Matriculacion_Media_OP_INEP_2013_BRA,A45_49,-1,-1;A50_54 "A50_54" true true false 19 Double 0 0 ,First,#,Edu\SERV_Matriculacion_Media_OP_INEP_2013_BRA,A50_54,-1,-1;A55_59 "A55_59" true true false 19 Double 0 0 ,First,#,Edu\SERV_Matriculacion_Media_OP_INEP_2013_BRA,A55_59,-1,-1;A60_64 "A60_64" true true false 19 Double 0 0 ,First,#,Edu\SERV_Matriculacion_Media_OP_INEP_2013_BRA,A60_64,-1,-1;A65_69 "A65_69" true true false 19 Double 0 0 ,First,#,Edu\SERV_Matriculacion_Media_OP_INEP_2013_BRA,A65_69,-1,-1;A70_74 "A70_74" true true false 19 Double 0 0 ,First,#,Edu\SERV_Matriculacion_Media_OP_INEP_2013_BRA,A70_74,-1,-1;A75_79 "A75_79" true true false 19 Double 0 0 ,First,#,Edu\SERV_Matriculacion_Media_OP_INEP_2013_BRA,A75_79,-1,-1;A80_ "A80_" true true false 19 Double 0 0 ,First,#,Edu\SERV_Matriculacion_Media_OP_INEP_2013_BRA,A80_,-1,-1;A15_64 "A15_64" true true false 19 Double 0 0 ,First,#,Edu\SERV_Matriculacion_Media_OP_INEP_2013_BRA,A15_64,-1,-1;Density_km "Density_km" true true false 19 Double 0 0 ,First,#,Edu\SERV_Matriculacion_Media_OP_INEP_2013_BRA,Density_km,-1,-1;MUN_DIST "MUN_DIST" true true false 50 Text 0 0 ,First,#,Edu\SERV_Matriculacion_Media_OP_INEP_2013_BRA,MUN_DIST,-1,-1;CODIGO "CODIGO" true true false 50 Text 0 0 ,First,#,Edu\SERV_Matriculacion_Media_OP_INEP_2013_BRA,CODIGO,-1,-1;REGIAO "REGIAO" true true false 50 Text 0 0 ,First,#,Edu\SERV_Matriculacion_Media_OP_INEP_2013_BRA,REGIAO,-1,-1;area "area" true true false 10 Long 0 10 ,First,#,Edu\SERV_Matriculacion_Media_OP_INEP_2013_BRA,area,-1,-1;MUN "MUN" true true false 254 Text 0 0 ,First,#,Edu\SERV_Matriculacion_Media_OP_INEP_2013_BRA,MUN,-1,-1;N_MATRIC "N_MATRIC" true true false 19 Double 0 0 ,First,#,Edu\SERV_Matriculacion_Media_OP_INEP_2013_BRA,N_MATRIC,-1,-1;N_DOC "N_DOC" true true false 19 Double 0 0 ,First,#,Edu\SERV_Matriculacion_Media_OP_INEP_2013_BRA,N_DOC,-1,-1;MAT_RATE "MAT_RATE" true true false 19 Double 0 0 ,First,#,Edu\SERV_Matriculacion_Media_OP_INEP_2013_BRA,MAT_RATE,-1,-1"</Process><Process ToolSource="c:\program files (x86)\arcgis\desktop10.5\ArcToolbox\Toolboxes\Data Management Tools.tbx\CalculateField" Date="20180209" Time="171903">CalculateField Edu\SERV_Matriculacion_Media_Merged_2013_PRY_BRA PCT_MATRIC [MAT_RATE] VB #</Process><Process ToolSource="c:\program files (x86)\arcgis\desktop10.5\ArcToolbox\Toolboxes\Data Management Tools.tbx\CalculateField" Date="20180209" Time="171937">CalculateField Edu\SERV_Matriculacion_Media_Merged_2013_PRY_BRA PCT_MATRIC [Pct_Media] VB #</Process><Process ToolSource="c:\program files (x86)\arcgis\desktop10.5\ArcToolbox\Toolboxes\Data Management Tools.tbx\CalculateField" Date="20180309" Time="123121">CalculateField "Human Capital\SERV_Matriculacion_Media_Merged_2013_PRY_BRA" VALUE 1 VB #</Process><Process ToolSource="c:\program files (x86)\arcgis\desktop10.5\ArcToolbox\Toolboxes\Data Management Tools.tbx\CalculateField" Date="20180322" Time="102417">CalculateField "Human Capital\SERV_Matriculacion_Media_Merged_2013_PRY_BRA" MATRICU 1 VB #</Process></lineage><itemProps><itemName Sync="TRUE">SERV_Matriculacion_Media_Merged_2013_PRY_BRA</itemName><imsContentType Sync="TRUE">002</imsContentType><itemSize Sync="TRUE">0.000</itemSize><itemLocation><linkage Sync="TRUE">file://\\CONCHAGUA\E$\Dropbox (GeoAdaptive)\2017_044_BID_Alto_Parana_MASTER\GIS\Derived\SERV\SERV_Matriculacion_Media_Merged_2013_PRY_BRA.shp</linkage><protocol Sync="TRUE">Local Area Network</protocol></itemLocation></itemProps><coordRef><type Sync="TRUE">Projected</type><geogcsn Sync="TRUE">GCS_WGS_1984</geogcsn><csUnits Sync="TRUE">Linear Unit: Meter (1.000000)</csUnits><projcsn Sync="TRUE">WGS_1984_UTM_Zone_21S</projcsn><peXml Sync="TRUE">&lt;ProjectedCoordinateSystem xsi:type='typens:ProjectedCoordinateSystem' xmlns:xsi='http://www.w3.org/2001/XMLSchema-instance' xmlns:xs='http://www.w3.org/2001/XMLSchema' xmlns:typens='http://www.esri.com/schemas/ArcGIS/10.5'&gt;&lt;WKT&gt;PROJCS[&amp;quot;WGS_1984_UTM_Zone_21S&amp;quot;,GEOGCS[&amp;quot;GCS_WGS_1984&amp;quot;,DATUM[&amp;quot;D_WGS_1984&amp;quot;,SPHEROID[&amp;quot;WGS_1984&amp;quot;,6378137.0,298.257223563]],PRIMEM[&amp;quot;Greenwich&amp;quot;,0.0],UNIT[&amp;quot;Degree&amp;quot;,0.0174532925199433]],PROJECTION[&amp;quot;Transverse_Mercator&amp;quot;],PARAMETER[&amp;quot;False_Easting&amp;quot;,500000.0],PARAMETER[&amp;quot;False_Northing&amp;quot;,10000000.0],PARAMETER[&amp;quot;Central_Meridian&amp;quot;,-57.0],PARAMETER[&amp;quot;Scale_Factor&amp;quot;,0.9996],PARAMETER[&amp;quot;Latitude_Of_Origin&amp;quot;,0.0],UNIT[&amp;quot;Meter&amp;quot;,1.0],AUTHORITY[&amp;quot;EPSG&amp;quot;,32721]]&lt;/WKT&gt;&lt;XOrigin&gt;-5120900&lt;/XOrigin&gt;&lt;YOrigin&gt;1900&lt;/YOrigin&gt;&lt;XYScale&gt;450445547.3910538&lt;/XYScale&gt;&lt;ZOrigin&gt;-100000&lt;/ZOrigin&gt;&lt;ZScale&gt;10000&lt;/ZScale&gt;&lt;MOrigin&gt;-100000&lt;/MOrigin&gt;&lt;MScale&gt;10000&lt;/MScale&gt;&lt;XYTolerance&gt;0.001&lt;/XYTolerance&gt;&lt;ZTolerance&gt;0.001&lt;/ZTolerance&gt;&lt;MTolerance&gt;0.001&lt;/MTolerance&gt;&lt;HighPrecision&gt;true&lt;/HighPrecision&gt;&lt;WKID&gt;32721&lt;/WKID&gt;&lt;LatestWKID&gt;32721&lt;/LatestWKID&gt;&lt;/ProjectedCoordinateSystem&gt;</peXml></coordRef></DataProperties><ArcGISstyle>ISO 19139 Metadata Implementation Specification</ArcGISstyle><SyncDate>20180209</SyncDate><SyncTime>17181400</SyncTime><ModDate>20180209</ModDate><ModTime>17181400</ModTime></Esri><dataIdInfo><envirDesc Sync="TRUE"> Version 6.2 (Build 9200) ; Esri ArcGIS 10.5.1.7333</envirDesc><dataLang><languageCode value="eng" Sync="TRUE"></languageCode><countryCode value="USA" Sync="TRUE"></countryCode></dataLang><idCitation><resTitle Sync="TRUE">SERV_Matriculacion_Media_Merged_2013_PRY_BRA</resTitle><presForm><PresFormCd value="005" Sync="TRUE"></PresFormCd></presForm></idCitation><spatRpType><SpatRepTypCd value="001" Sync="TRUE"></SpatRepTypCd></spatRpType></dataIdInfo><mdLang><languageCode value="eng" Sync="TRUE"></languageCode><countryCode value="USA" Sync="TRUE"></countryCode></mdLang><mdChar><CharSetCd value="004" Sync="TRUE"></CharSetCd></mdChar><distInfo><distFormat><formatName Sync="TRUE">Shapefile</formatName></distFormat><distTranOps><transSize Sync="TRUE">0.000</transSize></distTranOps></distInfo><mdHrLv><ScopeCd value="005" Sync="TRUE"></ScopeCd></mdHrLv><mdHrLvName Sync="TRUE">dataset</mdHrLvName><refSysInfo><RefSystem><refSysID><identCode code="32721" Sync="TRUE"></identCode><idCodeSpace Sync="TRUE">EPSG</idCodeSpace><idVersion Sync="TRUE">2.1(3.0.1)</idVersion></refSysID></RefSystem></refSysInfo><spatRepInfo><VectSpatRep><geometObjs Name="SERV_Matriculacion_Media_Merged_2013_PRY_BRA"><geoObjTyp><GeoObjTypCd value="002" Sync="TRUE"></GeoObjTypCd></geoObjTyp><geoObjCnt Sync="TRUE">0</geoObjCnt></geometObjs><topLvl><TopoLevCd value="001" Sync="TRUE"></TopoLevCd></topLvl></VectSpatRep></spatRepInfo><spdoinfo><ptvctinf><esriterm Name="SERV_Matriculacion_Media_Merged_2013_PRY_BRA"><efeatyp Sync="TRUE">Simple</efeatyp><efeageom code="4" Sync="TRUE"></efeageom><esritopo Sync="TRUE">FALSE</esritopo><efeacnt Sync="TRUE">0</efeacnt><spindex Sync="TRUE">FALSE</spindex><linrefer Sync="TRUE">TRUE</linrefer></esriterm></ptvctinf></spdoinfo><eainfo><detailed Name="SERV_Matriculacion_Media_Merged_2013_PRY_BRA"><enttyp><enttypl Sync="TRUE">SERV_Matriculacion_Media_Merged_2013_PRY_BRA</enttypl><enttypt Sync="TRUE">Feature Class</enttypt><enttypc Sync="TRUE">0</enttypc></enttyp><attr><attrlabl Sync="TRUE">FID</attrlabl><attalias Sync="TRUE">FID</attalias><attrtype Sync="TRUE">OID</attrtype><attwidth Sync="TRUE">4</attwidth><atprecis Sync="TRUE">0</atprecis><attscale Sync="TRUE">0</attscale><attrdef Sync="TRUE">Internal feature number.</attrdef><attrdefs Sync="TRUE">Esri</attrdefs><attrdomv><udom Sync="TRUE">Sequential unique whole numbers that are automatically generated.</udom></attrdomv></attr><attr><attrlabl Sync="TRUE">Shape</attrlabl><attalias Sync="TRUE">Shape</attalias><attrtype Sync="TRUE">Geometry</attrtype><attwidth Sync="TRUE">0</attwidth><atprecis Sync="TRUE">0</atprecis><attscale Sync="TRUE">0</attscale><attrdef Sync="TRUE">Feature geometry.</attrdef><attrdefs Sync="TRUE">Esri</attrdefs><attrdomv><udom Sync="TRUE">Coordinates defining the features.</udom></attrdomv></attr><attr><attrlabl Sync="TRUE">IDUSCO</attrlabl><attalias Sync="TRUE">IDUSCO</attalias><attrtype Sync="TRUE">Double</attrtype><attwidth Sync="TRUE">19</attwidth><atprecis Sync="TRUE">0</atprecis><attscale Sync="TRUE">0</attscale></attr><attr><attrlabl Sync="TRUE">NAM</attrlabl><attalias Sync="TRUE">NAM</attalias><attrtype Sync="TRUE">String</attrtype><attwidth Sync="TRUE">100</attwidth><atprecis Sync="TRUE">0</atprecis><attscale Sync="TRUE">0</attscale></attr><attr><attrlabl Sync="TRUE">Department</attrlabl><attalias Sync="TRUE">Department</attalias><attrtype Sync="TRUE">String</attrtype><attwidth Sync="TRUE">254</attwidth><atprecis Sync="TRUE">0</atprecis><attscale Sync="TRUE">0</attscale></attr><attr><attrlabl Sync="TRUE">District_J</attrlabl><attalias Sync="TRUE">District_J</attalias><attrtype Sync="TRUE">String</attrtype><attwidth Sync="TRUE">254</attwidth><atprecis Sync="TRUE">0</atprecis><attscale Sync="TRUE">0</attscale></attr><attr><attrlabl Sync="TRUE">A0_4</attrlabl><attalias Sync="TRUE">A0_4</attalias><attrtype Sync="TRUE">Double</attrtype><attwidth Sync="TRUE">19</attwidth><atprecis Sync="TRUE">0</atprecis><attscale Sync="TRUE">0</attscale></attr><attr><attrlabl Sync="TRUE">A5_9</attrlabl><attalias Sync="TRUE">A5_9</attalias><attrtype Sync="TRUE">Double</attrtype><attwidth Sync="TRUE">19</attwidth><atprecis Sync="TRUE">0</atprecis><attscale Sync="TRUE">0</attscale></attr><attr><attrlabl Sync="TRUE">A10_14</attrlabl><attalias Sync="TRUE">A10_14</attalias><attrtype Sync="TRUE">Double</attrtype><attwidth Sync="TRUE">19</attwidth><atprecis Sync="TRUE">0</atprecis><attscale Sync="TRUE">0</attscale></attr><attr><attrlabl Sync="TRUE">A15_19</attrlabl><attalias Sync="TRUE">A15_19</attalias><attrtype Sync="TRUE">Double</attrtype><attwidth Sync="TRUE">19</attwidth><atprecis Sync="TRUE">0</atprecis><attscale Sync="TRUE">0</attscale></attr><attr><attrlabl Sync="TRUE">Total_pop</attrlabl><attalias Sync="TRUE">Total_pop</attalias><attrtype Sync="TRUE">Integer</attrtype><attwidth Sync="TRUE">10</attwidth><atprecis Sync="TRUE">10</atprecis><attscale Sync="TRUE">0</attscale></attr><attr><attrlabl Sync="TRUE">Area_ha</attrlabl><attalias Sync="TRUE">Area_ha</attalias><attrtype Sync="TRUE">Double</attrtype><attwidth Sync="TRUE">19</attwidth><atprecis Sync="TRUE">0</atprecis><attscale Sync="TRUE">0</attscale></attr><attr><attrlabl Sync="TRUE">CensusName</attrlabl><attalias Sync="TRUE">CensusName</attalias><attrtype Sync="TRUE">String</attrtype><attwidth Sync="TRUE">50</attwidth><atprecis Sync="TRUE">0</atprecis><attscale Sync="TRUE">0</attscale></attr><attr><attrlabl Sync="TRUE">density_ha</attrlabl><attalias Sync="TRUE">density_ha</attalias><attrtype Sync="TRUE">Double</attrtype><attwidth Sync="TRUE">19</attwidth><atprecis Sync="TRUE">0</atprecis><attscale Sync="TRUE">0</attscale></attr><attr><attrlabl Sync="TRUE">Mat_Inicia</attrlabl><attalias Sync="TRUE">Mat_Inicia</attalias><attrtype Sync="TRUE">Integer</attrtype><attwidth Sync="TRUE">10</attwidth><atprecis Sync="TRUE">10</atprecis><attscale Sync="TRUE">0</attscale></attr><attr><attrlabl Sync="TRUE">Mat_Media</attrlabl><attalias Sync="TRUE">Mat_Media</attalias><attrtype Sync="TRUE">Integer</attrtype><attwidth Sync="TRUE">10</attwidth><atprecis Sync="TRUE">10</atprecis><attscale Sync="TRUE">0</attscale></attr><attr><attrlabl Sync="TRUE">Pct_Inicia</attrlabl><attalias Sync="TRUE">Pct_Inicia</attalias><attrtype Sync="TRUE">Double</attrtype><attwidth Sync="TRUE">19</attwidth><atprecis Sync="TRUE">0</atprecis><attscale Sync="TRUE">0</attscale></attr><attr><attrlabl Sync="TRUE">Pct_Media</attrlabl><attalias Sync="TRUE">Pct_Media</attalias><attrtype Sync="TRUE">Double</attrtype><attwidth Sync="TRUE">19</attwidth><atprecis Sync="TRUE">0</atprecis><attscale Sync="TRUE">0</attscale></attr><attr><attrlabl Sync="TRUE">area_km2</attrlabl><attalias Sync="TRUE">area_km2</attalias><attrtype Sync="TRUE">Double</attrtype><attwidth Sync="TRUE">19</attwidth><atprecis Sync="TRUE">0</atprecis><attscale Sync="TRUE">0</attscale></attr><attr><attrlabl Sync="TRUE">P_Inicial</attrlabl><attalias Sync="TRUE">P_Inicial</attalias><attrtype Sync="TRUE">Integer</attrtype><attwidth Sync="TRUE">10</attwidth><atprecis Sync="TRUE">10</atprecis><attscale Sync="TRUE">0</attscale></attr><attr><attrlabl Sync="TRUE">P_Media</attrlabl><attalias Sync="TRUE">P_Media</attalias><attrtype Sync="TRUE">Double</attrtype><attwidth Sync="TRUE">19</attwidth><atprecis Sync="TRUE">0</atprecis><attscale Sync="TRUE">0</attscale></attr><attr><attrlabl Sync="TRUE">OBJECTID</attrlabl><attalias Sync="TRUE">OBJECTID</attalias><attrtype Sync="TRUE">Integer</attrtype><attwidth Sync="TRUE">10</attwidth><atprecis Sync="TRUE">10</atprecis><attscale Sync="TRUE">0</attscale></attr><attr><attrlabl Sync="TRUE">ID</attrlabl><attalias Sync="TRUE">ID</attalias><attrtype Sync="TRUE">Double</attrtype><attwidth Sync="TRUE">19</attwidth><atprecis Sync="TRUE">0</atprecis><attscale Sync="TRUE">0</attscale></attr><attr><attrlabl Sync="TRUE">A20_24</attrlabl><attalias Sync="TRUE">A20_24</attalias><attrtype Sync="TRUE">Double</attrtype><attwidth Sync="TRUE">19</attwidth><atprecis Sync="TRUE">0</atprecis><attscale Sync="TRUE">0</attscale></attr><attr><attrlabl Sync="TRUE">A25_29</attrlabl><attalias Sync="TRUE">A25_29</attalias><attrtype Sync="TRUE">Double</attrtype><attwidth Sync="TRUE">19</attwidth><atprecis Sync="TRUE">0</atprecis><attscale Sync="TRUE">0</attscale></attr><attr><attrlabl Sync="TRUE">A30_34</attrlabl><attalias Sync="TRUE">A30_34</attalias><attrtype Sync="TRUE">Double</attrtype><attwidth Sync="TRUE">19</attwidth><atprecis Sync="TRUE">0</atprecis><attscale Sync="TRUE">0</attscale></attr><attr><attrlabl Sync="TRUE">A35_39</attrlabl><attalias Sync="TRUE">A35_39</attalias><attrtype Sync="TRUE">Double</attrtype><attwidth Sync="TRUE">19</attwidth><atprecis Sync="TRUE">0</atprecis><attscale Sync="TRUE">0</attscale></attr><attr><attrlabl Sync="TRUE">A40_44</attrlabl><attalias Sync="TRUE">A40_44</attalias><attrtype Sync="TRUE">Double</attrtype><attwidth Sync="TRUE">19</attwidth><atprecis Sync="TRUE">0</atprecis><attscale Sync="TRUE">0</attscale></attr><attr><attrlabl Sync="TRUE">A45_49</attrlabl><attalias Sync="TRUE">A45_49</attalias><attrtype Sync="TRUE">Double</attrtype><attwidth Sync="TRUE">19</attwidth><atprecis Sync="TRUE">0</atprecis><attscale Sync="TRUE">0</attscale></attr><attr><attrlabl Sync="TRUE">A50_54</attrlabl><attalias Sync="TRUE">A50_54</attalias><attrtype Sync="TRUE">Double</attrtype><attwidth Sync="TRUE">19</attwidth><atprecis Sync="TRUE">0</atprecis><attscale Sync="TRUE">0</attscale></attr><attr><attrlabl Sync="TRUE">A55_59</attrlabl><attalias Sync="TRUE">A55_59</attalias><attrtype Sync="TRUE">Double</attrtype><attwidth Sync="TRUE">19</attwidth><atprecis Sync="TRUE">0</atprecis><attscale Sync="TRUE">0</attscale></attr><attr><attrlabl Sync="TRUE">A60_64</attrlabl><attalias Sync="TRUE">A60_64</attalias><attrtype Sync="TRUE">Double</attrtype><attwidth Sync="TRUE">19</attwidth><atprecis Sync="TRUE">0</atprecis><attscale Sync="TRUE">0</attscale></attr><attr><attrlabl Sync="TRUE">A65_69</attrlabl><attalias Sync="TRUE">A65_69</attalias><attrtype Sync="TRUE">Double</attrtype><attwidth Sync="TRUE">19</attwidth><atprecis Sync="TRUE">0</atprecis><attscale Sync="TRUE">0</attscale></attr><attr><attrlabl Sync="TRUE">A70_74</attrlabl><attalias Sync="TRUE">A70_74</attalias><attrtype Sync="TRUE">Double</attrtype><attwidth Sync="TRUE">19</attwidth><atprecis Sync="TRUE">0</atprecis><attscale Sync="TRUE">0</attscale></attr><attr><attrlabl Sync="TRUE">A75_79</attrlabl><attalias Sync="TRUE">A75_79</attalias><attrtype Sync="TRUE">Double</attrtype><attwidth Sync="TRUE">19</attwidth><atprecis Sync="TRUE">0</atprecis><attscale Sync="TRUE">0</attscale></attr><attr><attrlabl Sync="TRUE">A80_</attrlabl><attalias Sync="TRUE">A80_</attalias><attrtype Sync="TRUE">Double</attrtype><attwidth Sync="TRUE">19</attwidth><atprecis Sync="TRUE">0</atprecis><attscale Sync="TRUE">0</attscale></attr><attr><attrlabl Sync="TRUE">A15_64</attrlabl><attalias Sync="TRUE">A15_64</attalias><attrtype Sync="TRUE">Double</attrtype><attwidth Sync="TRUE">19</attwidth><atprecis Sync="TRUE">0</atprecis><attscale Sync="TRUE">0</attscale></attr><attr><attrlabl Sync="TRUE">Density_km</attrlabl><attalias Sync="TRUE">Density_km</attalias><attrtype Sync="TRUE">Double</attrtype><attwidth Sync="TRUE">19</attwidth><atprecis Sync="TRUE">0</atprecis><attscale Sync="TRUE">0</attscale></attr><attr><attrlabl Sync="TRUE">MUN_DIST</attrlabl><attalias Sync="TRUE">MUN_DIST</attalias><attrtype Sync="TRUE">String</attrtype><attwidth Sync="TRUE">50</attwidth><atprecis Sync="TRUE">0</atprecis><attscale Sync="TRUE">0</attscale></attr><attr><attrlabl Sync="TRUE">CODIGO</attrlabl><attalias Sync="TRUE">CODIGO</attalias><attrtype Sync="TRUE">String</attrtype><attwidth Sync="TRUE">50</attwidth><atprecis Sync="TRUE">0</atprecis><attscale Sync="TRUE">0</attscale></attr><attr><attrlabl Sync="TRUE">REGIAO</attrlabl><attalias Sync="TRUE">REGIAO</attalias><attrtype Sync="TRUE">String</attrtype><attwidth Sync="TRUE">50</attwidth><atprecis Sync="TRUE">0</atprecis><attscale Sync="TRUE">0</attscale></attr><attr><attrlabl Sync="TRUE">area</attrlabl><attalias Sync="TRUE">area</attalias><attrtype Sync="TRUE">Integer</attrtype><attwidth Sync="TRUE">10</attwidth><atprecis Sync="TRUE">10</atprecis><attscale Sync="TRUE">0</attscale></attr><attr><attrlabl Sync="TRUE">MUN</attrlabl><attalias Sync="TRUE">MUN</attalias><attrtype Sync="TRUE">String</attrtype><attwidth Sync="TRUE">254</attwidth><atprecis Sync="TRUE">0</atprecis><attscale Sync="TRUE">0</attscale></attr><attr><attrlabl Sync="TRUE">N_MATRIC</attrlabl><attalias Sync="TRUE">N_MATRIC</attalias><attrtype Sync="TRUE">Double</attrtype><attwidth Sync="TRUE">19</attwidth><atprecis Sync="TRUE">0</atprecis><attscale Sync="TRUE">0</attscale></attr><attr><attrlabl Sync="TRUE">N_DOC</attrlabl><attalias Sync="TRUE">N_DOC</attalias><attrtype Sync="TRUE">Double</attrtype><attwidth Sync="TRUE">19</attwidth><atprecis Sync="TRUE">0</atprecis><attscale Sync="TRUE">0</attscale></attr><attr><attrlabl Sync="TRUE">MAT_RATE</attrlabl><attalias Sync="TRUE">MAT_RATE</attalias><attrtype Sync="TRUE">Double</attrtype><attwidth Sync="TRUE">19</attwidth><atprecis Sync="TRUE">0</atprecis><attscale Sync="TRUE">0</attscale></attr></detailed></eainfo><mdDateSt Sync="TRUE">20180209</mdDateSt></metadata>
