<?xml version="1.0" encoding="UTF-8"?>
<metadata xml:lang="en"><Esri><CreaDate>20180818</CreaDate><CreaTime>21185800</CreaTime><ArcGISFormat>1.0</ArcGISFormat><ArcGISstyle>ISO 19139 Metadata Implementation Specification</ArcGISstyle><SyncOnce>FALSE</SyncOnce><DataProperties><lineage><Process ToolSource="c:\program files (x86)\arcgis\desktop10.5\ArcToolbox\Toolboxes\Data Management Tools.tbx\CalculateField" Date="20171219" Time="161904">CalculateField Top\INFR_edu_media_MEC_2013_PGY total "[scien_hom]+ [scien_muj]+ [tech_hom]+ [tech_muj]+ [openme_hom]+ [openme_muj]+ [formac_hom]+ [formac_muj]" VB #</Process><Process Name="Select (2)" ToolSource="c:\program files (x86)\arcgis\desktop10.4\ArcToolbox\Toolboxes\Analysis Tools.tbx\Select" Date="20180110" Time="183150">Select INFR_edu_media_MEC_2013_PGY "C:\Users\Leo\Dropbox (GeoAdaptive)\2017_044_BID_Alto_Parana_MASTER\GIS\Derived\INFR\INFR_edu_media_AP_MEC_2013_PRY.shp" ""nombre_dep" = 'ALTO PARANA'"</Process><Process Name="Merge (2)" ToolSource="c:\program files (x86)\arcgis\desktop10.5\ArcToolbox\Toolboxes\Data Management Tools.tbx\Merge" Date="20180209" Time="162505">Merge Edu\INFR_edu_media_AP_MEC_2013_PRY;'Edu\INFR_edu_media_OP_MEC_2013_BRA selection' "E:\Dropbox (GeoAdaptive)\2017_044_BID_Alto_Parana_MASTER\GIS\Derived\INFR\INFR_edu_media_AP_OP_Merged.shp" "anio "anio" true true false 19 Double 0 0 ,First,#,Edu\INFR_edu_media_AP_MEC_2013_PRY,anio,-1,-1;codigo_est "codigo_est" true true false 19 Double 0 0 ,First,#,Edu\INFR_edu_media_AP_MEC_2013_PRY,codigo_est,-1,-1;codigo_dep "codigo_dep" true true false 19 Double 0 0 ,First,#,Edu\INFR_edu_media_AP_MEC_2013_PRY,codigo_dep,-1,-1;nombre_dep "nombre_dep" true true false 254 Text 0 0 ,First,#,Edu\INFR_edu_media_AP_MEC_2013_PRY,nombre_dep,-1,-1;codigo_dis "codigo_dis" true true false 19 Double 0 0 ,First,#,Edu\INFR_edu_media_AP_MEC_2013_PRY,codigo_dis,-1,-1;nombre_dis "nombre_dis" true true false 254 Text 0 0 ,First,#,Edu\INFR_edu_media_AP_MEC_2013_PRY,nombre_dis,-1,-1;codigo_zon "codigo_zon" true true false 19 Double 0 0 ,First,#,Edu\INFR_edu_media_AP_MEC_2013_PRY,codigo_zon,-1,-1;nombre_zon "nombre_zon" true true false 254 Text 0 0 ,First,#,Edu\INFR_edu_media_AP_MEC_2013_PRY,nombre_zon,-1,-1;codigo_bar "codigo_bar" true true false 19 Double 0 0 ,First,#,Edu\INFR_edu_media_AP_MEC_2013_PRY,codigo_bar,-1,-1;nombre_bar "nombre_bar" true true false 254 Text 0 0 ,First,#,Edu\INFR_edu_media_AP_MEC_2013_PRY,nombre_bar,-1,-1;direccion "direccion" true true false 254 Text 0 0 ,First,#,Edu\INFR_edu_media_AP_MEC_2013_PRY,direccion,-1,-1;coordenada "coordenada" true true false 19 Double 0 0 ,First,#,Edu\INFR_edu_media_AP_MEC_2013_PRY,coordenada,-1,-1;coordena_1 "coordena_1" true true false 19 Double 0 0 ,First,#,Edu\INFR_edu_media_AP_MEC_2013_PRY,coordena_1,-1,-1;latitud "latitud" true true false 254 Text 0 0 ,First,#,Edu\INFR_edu_media_AP_MEC_2013_PRY,latitud,-1,-1;longitud "longitud" true true false 254 Text 0 0 ,First,#,Edu\INFR_edu_media_AP_MEC_2013_PRY,longitud,-1,-1;anho_cod_g "anho_cod_g" true true false 19 Double 0 0 ,First,#,Edu\INFR_edu_media_AP_MEC_2013_PRY,anho_cod_g,-1,-1;uri "uri" true true false 254 Text 0 0 ,First,#,Edu\INFR_edu_media_AP_MEC_2013_PRY,uri,-1,-1;anio_1 "anio_1" true true false 19 Double 0 0 ,First,#,Edu\INFR_edu_media_AP_MEC_2013_PRY,anio_1,-1,-1;codigo_e_1 "codigo_e_1" true true false 19 Double 0 0 ,First,#,Edu\INFR_edu_media_AP_MEC_2013_PRY,codigo_e_1,-1,-1;cod_barrio "cod_barrio" true true false 19 Double 0 0 ,First,#,Edu\INFR_edu_media_AP_MEC_2013_PRY,cod_barrio,-1,-1;nombre_b_1 "nombre_b_1" true true false 254 Text 0 0 ,First,#,Edu\INFR_edu_media_AP_MEC_2013_PRY,nombre_b_1,-1,-1;cod_instit "cod_instit" true true false 19 Double 0 0 ,First,#,Edu\INFR_edu_media_AP_MEC_2013_PRY,cod_instit,-1,-1;nom_instit "nom_instit" true true false 254 Text 0 0 ,First,#,Edu\INFR_edu_media_AP_MEC_2013_PRY,nom_instit,-1,-1;Tipo_manag "Tipo_manag" true true false 254 Text 0 0 ,First,#,Edu\INFR_edu_media_AP_MEC_2013_PRY,Tipo_manag,-1,-1;scien_hom "scien_hom" true true false 19 Double 0 0 ,First,#,Edu\INFR_edu_media_AP_MEC_2013_PRY,scien_hom,-1,-1;scien_muj "scien_muj" true true false 19 Double 0 0 ,First,#,Edu\INFR_edu_media_AP_MEC_2013_PRY,scien_muj,-1,-1;tech_hom "tech_hom" true true false 19 Double 0 0 ,First,#,Edu\INFR_edu_media_AP_MEC_2013_PRY,tech_hom,-1,-1;tech_muj "tech_muj" true true false 19 Double 0 0 ,First,#,Edu\INFR_edu_media_AP_MEC_2013_PRY,tech_muj,-1,-1;openme_hom "openme_hom" true true false 19 Double 0 0 ,First,#,Edu\INFR_edu_media_AP_MEC_2013_PRY,openme_hom,-1,-1;openme_muj "openme_muj" true true false 19 Double 0 0 ,First,#,Edu\INFR_edu_media_AP_MEC_2013_PRY,openme_muj,-1,-1;formac_hom "formac_hom" true true false 19 Double 0 0 ,First,#,Edu\INFR_edu_media_AP_MEC_2013_PRY,formac_hom,-1,-1;formac_muj "formac_muj" true true false 19 Double 0 0 ,First,#,Edu\INFR_edu_media_AP_MEC_2013_PRY,formac_muj,-1,-1;total "total" true true false 10 Long 0 10 ,First,#,Edu\INFR_edu_media_AP_MEC_2013_PRY,total,-1,-1;lon "lon" true true false 19 Double 0 0 ,First,#,Edu\INFR_edu_media_OP_MEC_2013_BRA selection,lon,-1,-1;lat "lat" true true false 19 Double 0 0 ,First,#,Edu\INFR_edu_media_OP_MEC_2013_BRA selection,lat,-1,-1;classif "classif" true true false 10 Long 0 10 ,First,#,Edu\INFR_edu_media_OP_MEC_2013_BRA selection,classif,-1,-1;f02 "f02" true true false 254 Text 0 0 ,First,#,Edu\INFR_edu_media_OP_MEC_2013_BRA selection,f02,-1,-1;f03 "f03" true true false 10 Long 0 10 ,First,#,Edu\INFR_edu_media_OP_MEC_2013_BRA selection,f03,-1,-1;f04 "f04" true true false 254 Text 0 0 ,First,#,Edu\INFR_edu_media_OP_MEC_2013_BRA selection,f04,-1,-1;f05 "f05" true true false 254 Text 0 0 ,First,#,Edu\INFR_edu_media_OP_MEC_2013_BRA selection,f05,-1,-1;f06 "f06" true true false 254 Text 0 0 ,First,#,Edu\INFR_edu_media_OP_MEC_2013_BRA selection,f06,-1,-1;f07 "f07" true true false 10 Long 0 10 ,First,#,Edu\INFR_edu_media_OP_MEC_2013_BRA selection,f07,-1,-1;f08 "f08" true true false 254 Text 0 0 ,First,#,Edu\INFR_edu_media_OP_MEC_2013_BRA selection,f08,-1,-1;f09 "f09" true true false 254 Text 0 0 ,First,#,Edu\INFR_edu_media_OP_MEC_2013_BRA selection,f09,-1,-1;f10 "f10" true true false 254 Text 0 0 ,First,#,Edu\INFR_edu_media_OP_MEC_2013_BRA selection,f10,-1,-1;f11 "f11" true true false 254 Text 0 0 ,First,#,Edu\INFR_edu_media_OP_MEC_2013_BRA selection,f11,-1,-1;f12 "f12" true true false 254 Text 0 0 ,First,#,Edu\INFR_edu_media_OP_MEC_2013_BRA selection,f12,-1,-1;f13 "f13" true true false 10 Long 0 10 ,First,#,Edu\INFR_edu_media_OP_MEC_2013_BRA selection,f13,-1,-1;f14 "f14" true true false 254 Text 0 0 ,First,#,Edu\INFR_edu_media_OP_MEC_2013_BRA selection,f14,-1,-1;f15 "f15" true true false 254 Text 0 0 ,First,#,Edu\INFR_edu_media_OP_MEC_2013_BRA selection,f15,-1,-1;ANO_CENSO "ANO_CENSO" true true false 19 Double 0 0 ,First,#,Edu\INFR_edu_media_OP_MEC_2013_BRA selection,ANO_CENSO,-1,-1;PK_COD_ENT "PK_COD_ENT" true true false 19 Double 0 0 ,First,#,Edu\INFR_edu_media_OP_MEC_2013_BRA selection,PK_COD_ENT,-1,-1;NO_ENTIDAD "NO_ENTIDAD" true true false 254 Text 0 0 ,First,#,Edu\INFR_edu_media_OP_MEC_2013_BRA selection,NO_ENTIDAD,-1,-1;COD_ORGAO_ "COD_ORGAO_" true true false 19 Double 0 0 ,First,#,Edu\INFR_edu_media_OP_MEC_2013_BRA selection,COD_ORGAO_,-1,-1;DESC_SITUA "DESC_SITUA" true true false 19 Double 0 0 ,First,#,Edu\INFR_edu_media_OP_MEC_2013_BRA selection,DESC_SITUA,-1,-1;FK_COD_EST "FK_COD_EST" true true false 19 Double 0 0 ,First,#,Edu\INFR_edu_media_OP_MEC_2013_BRA selection,FK_COD_EST,-1,-1;SIGLA "SIGLA" true true false 254 Text 0 0 ,First,#,Edu\INFR_edu_media_OP_MEC_2013_BRA selection,SIGLA,-1,-1;FK_COD_MUN "FK_COD_MUN" true true false 19 Double 0 0 ,First,#,Edu\INFR_edu_media_OP_MEC_2013_BRA selection,FK_COD_MUN,-1,-1;FK_COD_DIS "FK_COD_DIS" true true false 19 Double 0 0 ,First,#,Edu\INFR_edu_media_OP_MEC_2013_BRA selection,FK_COD_DIS,-1,-1;ID_DEPENDE "ID_DEPENDE" true true false 19 Double 0 0 ,First,#,Edu\INFR_edu_media_OP_MEC_2013_BRA selection,ID_DEPENDE,-1,-1;ID_LOCALIZ "ID_LOCALIZ" true true false 19 Double 0 0 ,First,#,Edu\INFR_edu_media_OP_MEC_2013_BRA selection,ID_LOCALIZ,-1,-1;NUM_FUNCIO "NUM_FUNCIO" true true false 19 Double 0 0 ,First,#,Edu\INFR_edu_media_OP_MEC_2013_BRA selection,NUM_FUNCIO,-1,-1;ID_REG_INF "ID_REG_INF" true true false 19 Double 0 0 ,First,#,Edu\INFR_edu_media_OP_MEC_2013_BRA selection,ID_REG_INF,-1,-1;ID_REG_I_1 "ID_REG_I_1" true true false 19 Double 0 0 ,First,#,Edu\INFR_edu_media_OP_MEC_2013_BRA selection,ID_REG_I_1,-1,-1;ID_ESP_INF "ID_ESP_INF" true true false 19 Double 0 0 ,First,#,Edu\INFR_edu_media_OP_MEC_2013_BRA selection,ID_ESP_INF,-1,-1;ID_ESP_I_1 "ID_ESP_I_1" true true false 19 Double 0 0 ,First,#,Edu\INFR_edu_media_OP_MEC_2013_BRA selection,ID_ESP_I_1,-1,-1;ENS_INF "ENS_INF" true true false 19 Double 0 0 ,First,#,Edu\INFR_edu_media_OP_MEC_2013_BRA selection,ENS_INF,-1,-1;ID_REG_FUN "ID_REG_FUN" true true false 19 Double 0 0 ,First,#,Edu\INFR_edu_media_OP_MEC_2013_BRA selection,ID_REG_FUN,-1,-1;ID_REG_F_1 "ID_REG_F_1" true true false 19 Double 0 0 ,First,#,Edu\INFR_edu_media_OP_MEC_2013_BRA selection,ID_REG_F_1,-1,-1;ID_ESP_FUN "ID_ESP_FUN" true true false 19 Double 0 0 ,First,#,Edu\INFR_edu_media_OP_MEC_2013_BRA selection,ID_ESP_FUN,-1,-1;ID_ESP_F_1 "ID_ESP_F_1" true true false 19 Double 0 0 ,First,#,Edu\INFR_edu_media_OP_MEC_2013_BRA selection,ID_ESP_F_1,-1,-1;ID_EJA_FUN "ID_EJA_FUN" true true false 19 Double 0 0 ,First,#,Edu\INFR_edu_media_OP_MEC_2013_BRA selection,ID_EJA_FUN,-1,-1;ID_EJA_PRO "ID_EJA_PRO" true true false 19 Double 0 0 ,First,#,Edu\INFR_edu_media_OP_MEC_2013_BRA selection,ID_EJA_PRO,-1,-1;ENS_FUNDA "ENS_FUNDA" true true false 19 Double 0 0 ,First,#,Edu\INFR_edu_media_OP_MEC_2013_BRA selection,ENS_FUNDA,-1,-1;ID_REG_MED "ID_REG_MED" true true false 19 Double 0 0 ,First,#,Edu\INFR_edu_media_OP_MEC_2013_BRA selection,ID_REG_MED,-1,-1;ID_REG_M_1 "ID_REG_M_1" true true false 19 Double 0 0 ,First,#,Edu\INFR_edu_media_OP_MEC_2013_BRA selection,ID_REG_M_1,-1,-1;ID_REG_M_2 "ID_REG_M_2" true true false 19 Double 0 0 ,First,#,Edu\INFR_edu_media_OP_MEC_2013_BRA selection,ID_REG_M_2,-1,-1;ID_REG_M_3 "ID_REG_M_3" true true false 19 Double 0 0 ,First,#,Edu\INFR_edu_media_OP_MEC_2013_BRA selection,ID_REG_M_3,-1,-1;ID_ESP_MED "ID_ESP_MED" true true false 19 Double 0 0 ,First,#,Edu\INFR_edu_media_OP_MEC_2013_BRA selection,ID_ESP_MED,-1,-1;ID_ESP_M_1 "ID_ESP_M_1" true true false 19 Double 0 0 ,First,#,Edu\INFR_edu_media_OP_MEC_2013_BRA selection,ID_ESP_M_1,-1,-1;ID_ESP_M_2 "ID_ESP_M_2" true true false 19 Double 0 0 ,First,#,Edu\INFR_edu_media_OP_MEC_2013_BRA selection,ID_ESP_M_2,-1,-1;ID_ESP_M_3 "ID_ESP_M_3" true true false 19 Double 0 0 ,First,#,Edu\INFR_edu_media_OP_MEC_2013_BRA selection,ID_ESP_M_3,-1,-1;ID_ESP_EJA "ID_ESP_EJA" true true false 19 Double 0 0 ,First,#,Edu\INFR_edu_media_OP_MEC_2013_BRA selection,ID_ESP_EJA,-1,-1;ID_ESP_E_1 "ID_ESP_E_1" true true false 19 Double 0 0 ,First,#,Edu\INFR_edu_media_OP_MEC_2013_BRA selection,ID_ESP_E_1,-1,-1;ID_EJA_MED "ID_EJA_MED" true true false 19 Double 0 0 ,First,#,Edu\INFR_edu_media_OP_MEC_2013_BRA selection,ID_EJA_MED,-1,-1;ENS_MEDIO "ENS_MEDIO" true true false 19 Double 0 0 ,First,#,Edu\INFR_edu_media_OP_MEC_2013_BRA selection,ENS_MEDIO,-1,-1"</Process></lineage><itemProps><itemName Sync="TRUE">INFR_edu_media_AP_OP_Merged</itemName><imsContentType Sync="TRUE">002</imsContentType><itemSize Sync="TRUE">0.000</itemSize><itemLocation><linkage Sync="TRUE">file://\\CONCHAGUA\E$\Dropbox (GeoAdaptive)\2017_044_BID_Alto_Parana_MASTER\GIS\Derived\INFR\INFR_edu_media_AP_OP_Merged.shp</linkage><protocol Sync="TRUE">Local Area Network</protocol></itemLocation></itemProps><coordRef><type Sync="TRUE">Projected</type><geogcsn Sync="TRUE">GCS_WGS_1984</geogcsn><csUnits Sync="TRUE">Linear Unit: Meter (1.000000)</csUnits><projcsn Sync="TRUE">WGS_1984_UTM_Zone_21S</projcsn><peXml Sync="TRUE">&lt;ProjectedCoordinateSystem xsi:type='typens:ProjectedCoordinateSystem' xmlns:xsi='http://www.w3.org/2001/XMLSchema-instance' xmlns:xs='http://www.w3.org/2001/XMLSchema' xmlns:typens='http://www.esri.com/schemas/ArcGIS/10.5'&gt;&lt;WKT&gt;PROJCS[&amp;quot;WGS_1984_UTM_Zone_21S&amp;quot;,GEOGCS[&amp;quot;GCS_WGS_1984&amp;quot;,DATUM[&amp;quot;D_WGS_1984&amp;quot;,SPHEROID[&amp;quot;WGS_1984&amp;quot;,6378137.0,298.257223563]],PRIMEM[&amp;quot;Greenwich&amp;quot;,0.0],UNIT[&amp;quot;Degree&amp;quot;,0.0174532925199433]],PROJECTION[&amp;quot;Transverse_Mercator&amp;quot;],PARAMETER[&amp;quot;False_Easting&amp;quot;,500000.0],PARAMETER[&amp;quot;False_Northing&amp;quot;,10000000.0],PARAMETER[&amp;quot;Central_Meridian&amp;quot;,-57.0],PARAMETER[&amp;quot;Scale_Factor&amp;quot;,0.9996],PARAMETER[&amp;quot;Latitude_Of_Origin&amp;quot;,0.0],UNIT[&amp;quot;Meter&amp;quot;,1.0],AUTHORITY[&amp;quot;EPSG&amp;quot;,32721]]&lt;/WKT&gt;&lt;XOrigin&gt;-5120900&lt;/XOrigin&gt;&lt;YOrigin&gt;1900&lt;/YOrigin&gt;&lt;XYScale&gt;450445547.3910538&lt;/XYScale&gt;&lt;ZOrigin&gt;-100000&lt;/ZOrigin&gt;&lt;ZScale&gt;10000&lt;/ZScale&gt;&lt;MOrigin&gt;-100000&lt;/MOrigin&gt;&lt;MScale&gt;10000&lt;/MScale&gt;&lt;XYTolerance&gt;0.001&lt;/XYTolerance&gt;&lt;ZTolerance&gt;0.001&lt;/ZTolerance&gt;&lt;MTolerance&gt;0.001&lt;/MTolerance&gt;&lt;HighPrecision&gt;true&lt;/HighPrecision&gt;&lt;WKID&gt;32721&lt;/WKID&gt;&lt;LatestWKID&gt;32721&lt;/LatestWKID&gt;&lt;/ProjectedCoordinateSystem&gt;</peXml></coordRef></DataProperties><SyncDate>20180209</SyncDate><SyncTime>16250300</SyncTime><ModDate>20180209</ModDate><ModTime>16250300</ModTime></Esri><dataIdInfo><envirDesc Sync="TRUE"> Version 6.2 (Build 9200) ; Esri ArcGIS 10.5.1.7333</envirDesc><dataLang><languageCode value="eng" Sync="TRUE"></languageCode><countryCode value="USA" Sync="TRUE"></countryCode></dataLang><idCitation><resTitle Sync="TRUE">INFR_edu_media_AP_OP_Merged</resTitle><presForm><PresFormCd value="005" Sync="TRUE"></PresFormCd></presForm></idCitation><spatRpType><SpatRepTypCd value="001" Sync="TRUE"></SpatRepTypCd></spatRpType></dataIdInfo><mdLang><languageCode value="eng" Sync="TRUE"></languageCode><countryCode value="USA" Sync="TRUE"></countryCode></mdLang><mdChar><CharSetCd value="004" Sync="TRUE"></CharSetCd></mdChar><distInfo><distFormat><formatName Sync="TRUE">Shapefile</formatName></distFormat><distTranOps><transSize Sync="TRUE">0.000</transSize></distTranOps></distInfo><mdHrLv><ScopeCd value="005" Sync="TRUE"></ScopeCd></mdHrLv><mdHrLvName Sync="TRUE">dataset</mdHrLvName><refSysInfo><RefSystem><refSysID><identCode code="32721" Sync="TRUE"></identCode><idCodeSpace Sync="TRUE">EPSG</idCodeSpace><idVersion Sync="TRUE">2.1(3.0.1)</idVersion></refSysID></RefSystem></refSysInfo><spatRepInfo><VectSpatRep><geometObjs Name="INFR_edu_media_AP_OP_Merged"><geoObjTyp><GeoObjTypCd value="004" Sync="TRUE"></GeoObjTypCd></geoObjTyp><geoObjCnt Sync="TRUE">0</geoObjCnt></geometObjs><topLvl><TopoLevCd value="001" Sync="TRUE"></TopoLevCd></topLvl></VectSpatRep></spatRepInfo><spdoinfo><ptvctinf><esriterm Name="INFR_edu_media_AP_OP_Merged"><efeatyp Sync="TRUE">Simple</efeatyp><efeageom code="1" Sync="TRUE"></efeageom><esritopo Sync="TRUE">FALSE</esritopo><efeacnt Sync="TRUE">0</efeacnt><spindex Sync="TRUE">FALSE</spindex><linrefer Sync="TRUE">FALSE</linrefer></esriterm></ptvctinf></spdoinfo><eainfo><detailed Name="INFR_edu_media_AP_OP_Merged"><enttyp><enttypl Sync="TRUE">INFR_edu_media_AP_OP_Merged</enttypl><enttypt Sync="TRUE">Feature Class</enttypt><enttypc Sync="TRUE">0</enttypc></enttyp><attr><attrlabl Sync="TRUE">FID</attrlabl><attalias Sync="TRUE">FID</attalias><attrtype Sync="TRUE">OID</attrtype><attwidth Sync="TRUE">4</attwidth><atprecis Sync="TRUE">0</atprecis><attscale Sync="TRUE">0</attscale><attrdef Sync="TRUE">Internal feature number.</attrdef><attrdefs Sync="TRUE">Esri</attrdefs><attrdomv><udom Sync="TRUE">Sequential unique whole numbers that are automatically generated.</udom></attrdomv></attr><attr><attrlabl Sync="TRUE">Shape</attrlabl><attalias Sync="TRUE">Shape</attalias><attrtype Sync="TRUE">Geometry</attrtype><attwidth Sync="TRUE">0</attwidth><atprecis Sync="TRUE">0</atprecis><attscale Sync="TRUE">0</attscale><attrdef Sync="TRUE">Feature geometry.</attrdef><attrdefs Sync="TRUE">Esri</attrdefs><attrdomv><udom Sync="TRUE">Coordinates defining the features.</udom></attrdomv></attr><attr><attrlabl Sync="TRUE">anio</attrlabl><attalias Sync="TRUE">anio</attalias><attrtype Sync="TRUE">Double</attrtype><attwidth Sync="TRUE">19</attwidth><atprecis Sync="TRUE">0</atprecis><attscale Sync="TRUE">0</attscale></attr><attr><attrlabl Sync="TRUE">codigo_est</attrlabl><attalias Sync="TRUE">codigo_est</attalias><attrtype Sync="TRUE">Double</attrtype><attwidth Sync="TRUE">19</attwidth><atprecis Sync="TRUE">0</atprecis><attscale Sync="TRUE">0</attscale></attr><attr><attrlabl Sync="TRUE">codigo_dep</attrlabl><attalias Sync="TRUE">codigo_dep</attalias><attrtype Sync="TRUE">Double</attrtype><attwidth Sync="TRUE">19</attwidth><atprecis Sync="TRUE">0</atprecis><attscale Sync="TRUE">0</attscale></attr><attr><attrlabl Sync="TRUE">nombre_dep</attrlabl><attalias Sync="TRUE">nombre_dep</attalias><attrtype Sync="TRUE">String</attrtype><attwidth Sync="TRUE">254</attwidth><atprecis Sync="TRUE">0</atprecis><attscale Sync="TRUE">0</attscale></attr><attr><attrlabl Sync="TRUE">codigo_dis</attrlabl><attalias Sync="TRUE">codigo_dis</attalias><attrtype Sync="TRUE">Double</attrtype><attwidth Sync="TRUE">19</attwidth><atprecis Sync="TRUE">0</atprecis><attscale Sync="TRUE">0</attscale></attr><attr><attrlabl Sync="TRUE">nombre_dis</attrlabl><attalias Sync="TRUE">nombre_dis</attalias><attrtype Sync="TRUE">String</attrtype><attwidth Sync="TRUE">254</attwidth><atprecis Sync="TRUE">0</atprecis><attscale Sync="TRUE">0</attscale></attr><attr><attrlabl Sync="TRUE">codigo_zon</attrlabl><attalias Sync="TRUE">codigo_zon</attalias><attrtype Sync="TRUE">Double</attrtype><attwidth Sync="TRUE">19</attwidth><atprecis Sync="TRUE">0</atprecis><attscale Sync="TRUE">0</attscale></attr><attr><attrlabl Sync="TRUE">nombre_zon</attrlabl><attalias Sync="TRUE">nombre_zon</attalias><attrtype Sync="TRUE">String</attrtype><attwidth Sync="TRUE">254</attwidth><atprecis Sync="TRUE">0</atprecis><attscale Sync="TRUE">0</attscale></attr><attr><attrlabl Sync="TRUE">codigo_bar</attrlabl><attalias Sync="TRUE">codigo_bar</attalias><attrtype Sync="TRUE">Double</attrtype><attwidth Sync="TRUE">19</attwidth><atprecis Sync="TRUE">0</atprecis><attscale Sync="TRUE">0</attscale></attr><attr><attrlabl Sync="TRUE">nombre_bar</attrlabl><attalias Sync="TRUE">nombre_bar</attalias><attrtype Sync="TRUE">String</attrtype><attwidth Sync="TRUE">254</attwidth><atprecis Sync="TRUE">0</atprecis><attscale Sync="TRUE">0</attscale></attr><attr><attrlabl Sync="TRUE">direccion</attrlabl><attalias Sync="TRUE">direccion</attalias><attrtype Sync="TRUE">String</attrtype><attwidth Sync="TRUE">254</attwidth><atprecis Sync="TRUE">0</atprecis><attscale Sync="TRUE">0</attscale></attr><attr><attrlabl Sync="TRUE">coordenada</attrlabl><attalias Sync="TRUE">coordenada</attalias><attrtype Sync="TRUE">Double</attrtype><attwidth Sync="TRUE">19</attwidth><atprecis Sync="TRUE">0</atprecis><attscale Sync="TRUE">0</attscale></attr><attr><attrlabl Sync="TRUE">coordena_1</attrlabl><attalias Sync="TRUE">coordena_1</attalias><attrtype Sync="TRUE">Double</attrtype><attwidth Sync="TRUE">19</attwidth><atprecis Sync="TRUE">0</atprecis><attscale Sync="TRUE">0</attscale></attr><attr><attrlabl Sync="TRUE">latitud</attrlabl><attalias Sync="TRUE">latitud</attalias><attrtype Sync="TRUE">String</attrtype><attwidth Sync="TRUE">254</attwidth><atprecis Sync="TRUE">0</atprecis><attscale Sync="TRUE">0</attscale></attr><attr><attrlabl Sync="TRUE">longitud</attrlabl><attalias Sync="TRUE">longitud</attalias><attrtype Sync="TRUE">String</attrtype><attwidth Sync="TRUE">254</attwidth><atprecis Sync="TRUE">0</atprecis><attscale Sync="TRUE">0</attscale></attr><attr><attrlabl Sync="TRUE">anho_cod_g</attrlabl><attalias Sync="TRUE">anho_cod_g</attalias><attrtype Sync="TRUE">Double</attrtype><attwidth Sync="TRUE">19</attwidth><atprecis Sync="TRUE">0</atprecis><attscale Sync="TRUE">0</attscale></attr><attr><attrlabl Sync="TRUE">uri</attrlabl><attalias Sync="TRUE">uri</attalias><attrtype Sync="TRUE">String</attrtype><attwidth Sync="TRUE">254</attwidth><atprecis Sync="TRUE">0</atprecis><attscale Sync="TRUE">0</attscale></attr><attr><attrlabl Sync="TRUE">anio_1</attrlabl><attalias Sync="TRUE">anio_1</attalias><attrtype Sync="TRUE">Double</attrtype><attwidth Sync="TRUE">19</attwidth><atprecis Sync="TRUE">0</atprecis><attscale Sync="TRUE">0</attscale></attr><attr><attrlabl Sync="TRUE">codigo_e_1</attrlabl><attalias Sync="TRUE">codigo_e_1</attalias><attrtype Sync="TRUE">Double</attrtype><attwidth Sync="TRUE">19</attwidth><atprecis Sync="TRUE">0</atprecis><attscale Sync="TRUE">0</attscale></attr><attr><attrlabl Sync="TRUE">cod_barrio</attrlabl><attalias Sync="TRUE">cod_barrio</attalias><attrtype Sync="TRUE">Double</attrtype><attwidth Sync="TRUE">19</attwidth><atprecis Sync="TRUE">0</atprecis><attscale Sync="TRUE">0</attscale></attr><attr><attrlabl Sync="TRUE">nombre_b_1</attrlabl><attalias Sync="TRUE">nombre_b_1</attalias><attrtype Sync="TRUE">String</attrtype><attwidth Sync="TRUE">254</attwidth><atprecis Sync="TRUE">0</atprecis><attscale Sync="TRUE">0</attscale></attr><attr><attrlabl Sync="TRUE">cod_instit</attrlabl><attalias Sync="TRUE">cod_instit</attalias><attrtype Sync="TRUE">Double</attrtype><attwidth Sync="TRUE">19</attwidth><atprecis Sync="TRUE">0</atprecis><attscale Sync="TRUE">0</attscale></attr><attr><attrlabl Sync="TRUE">nom_instit</attrlabl><attalias Sync="TRUE">nom_instit</attalias><attrtype Sync="TRUE">String</attrtype><attwidth Sync="TRUE">254</attwidth><atprecis Sync="TRUE">0</atprecis><attscale Sync="TRUE">0</attscale></attr><attr><attrlabl Sync="TRUE">Tipo_manag</attrlabl><attalias Sync="TRUE">Tipo_manag</attalias><attrtype Sync="TRUE">String</attrtype><attwidth Sync="TRUE">254</attwidth><atprecis Sync="TRUE">0</atprecis><attscale Sync="TRUE">0</attscale></attr><attr><attrlabl Sync="TRUE">scien_hom</attrlabl><attalias Sync="TRUE">scien_hom</attalias><attrtype Sync="TRUE">Double</attrtype><attwidth Sync="TRUE">19</attwidth><atprecis Sync="TRUE">0</atprecis><attscale Sync="TRUE">0</attscale></attr><attr><attrlabl Sync="TRUE">scien_muj</attrlabl><attalias Sync="TRUE">scien_muj</attalias><attrtype Sync="TRUE">Double</attrtype><attwidth Sync="TRUE">19</attwidth><atprecis Sync="TRUE">0</atprecis><attscale Sync="TRUE">0</attscale></attr><attr><attrlabl Sync="TRUE">tech_hom</attrlabl><attalias Sync="TRUE">tech_hom</attalias><attrtype Sync="TRUE">Double</attrtype><attwidth Sync="TRUE">19</attwidth><atprecis Sync="TRUE">0</atprecis><attscale Sync="TRUE">0</attscale></attr><attr><attrlabl Sync="TRUE">tech_muj</attrlabl><attalias Sync="TRUE">tech_muj</attalias><attrtype Sync="TRUE">Double</attrtype><attwidth Sync="TRUE">19</attwidth><atprecis Sync="TRUE">0</atprecis><attscale Sync="TRUE">0</attscale></attr><attr><attrlabl Sync="TRUE">openme_hom</attrlabl><attalias Sync="TRUE">openme_hom</attalias><attrtype Sync="TRUE">Double</attrtype><attwidth Sync="TRUE">19</attwidth><atprecis Sync="TRUE">0</atprecis><attscale Sync="TRUE">0</attscale></attr><attr><attrlabl Sync="TRUE">openme_muj</attrlabl><attalias Sync="TRUE">openme_muj</attalias><attrtype Sync="TRUE">Double</attrtype><attwidth Sync="TRUE">19</attwidth><atprecis Sync="TRUE">0</atprecis><attscale Sync="TRUE">0</attscale></attr><attr><attrlabl Sync="TRUE">formac_hom</attrlabl><attalias Sync="TRUE">formac_hom</attalias><attrtype Sync="TRUE">Double</attrtype><attwidth Sync="TRUE">19</attwidth><atprecis Sync="TRUE">0</atprecis><attscale Sync="TRUE">0</attscale></attr><attr><attrlabl Sync="TRUE">formac_muj</attrlabl><attalias Sync="TRUE">formac_muj</attalias><attrtype Sync="TRUE">Double</attrtype><attwidth Sync="TRUE">19</attwidth><atprecis Sync="TRUE">0</atprecis><attscale Sync="TRUE">0</attscale></attr><attr><attrlabl Sync="TRUE">total</attrlabl><attalias Sync="TRUE">total</attalias><attrtype Sync="TRUE">Integer</attrtype><attwidth Sync="TRUE">10</attwidth><atprecis Sync="TRUE">10</atprecis><attscale Sync="TRUE">0</attscale></attr><attr><attrlabl Sync="TRUE">lon</attrlabl><attalias Sync="TRUE">lon</attalias><attrtype Sync="TRUE">Double</attrtype><attwidth Sync="TRUE">19</attwidth><atprecis Sync="TRUE">0</atprecis><attscale Sync="TRUE">0</attscale></attr><attr><attrlabl Sync="TRUE">lat</attrlabl><attalias Sync="TRUE">lat</attalias><attrtype Sync="TRUE">Double</attrtype><attwidth Sync="TRUE">19</attwidth><atprecis Sync="TRUE">0</atprecis><attscale Sync="TRUE">0</attscale></attr><attr><attrlabl Sync="TRUE">classif</attrlabl><attalias Sync="TRUE">classif</attalias><attrtype Sync="TRUE">Integer</attrtype><attwidth Sync="TRUE">10</attwidth><atprecis Sync="TRUE">10</atprecis><attscale Sync="TRUE">0</attscale></attr><attr><attrlabl Sync="TRUE">f02</attrlabl><attalias Sync="TRUE">f02</attalias><attrtype Sync="TRUE">String</attrtype><attwidth Sync="TRUE">254</attwidth><atprecis Sync="TRUE">0</atprecis><attscale Sync="TRUE">0</attscale></attr><attr><attrlabl Sync="TRUE">f03</attrlabl><attalias Sync="TRUE">f03</attalias><attrtype Sync="TRUE">Integer</attrtype><attwidth Sync="TRUE">10</attwidth><atprecis Sync="TRUE">10</atprecis><attscale Sync="TRUE">0</attscale></attr><attr><attrlabl Sync="TRUE">f04</attrlabl><attalias Sync="TRUE">f04</attalias><attrtype Sync="TRUE">String</attrtype><attwidth Sync="TRUE">254</attwidth><atprecis Sync="TRUE">0</atprecis><attscale Sync="TRUE">0</attscale></attr><attr><attrlabl Sync="TRUE">f05</attrlabl><attalias Sync="TRUE">f05</attalias><attrtype Sync="TRUE">String</attrtype><attwidth Sync="TRUE">254</attwidth><atprecis Sync="TRUE">0</atprecis><attscale Sync="TRUE">0</attscale></attr><attr><attrlabl Sync="TRUE">f06</attrlabl><attalias Sync="TRUE">f06</attalias><attrtype Sync="TRUE">String</attrtype><attwidth Sync="TRUE">254</attwidth><atprecis Sync="TRUE">0</atprecis><attscale Sync="TRUE">0</attscale></attr><attr><attrlabl Sync="TRUE">f07</attrlabl><attalias Sync="TRUE">f07</attalias><attrtype Sync="TRUE">Integer</attrtype><attwidth Sync="TRUE">10</attwidth><atprecis Sync="TRUE">10</atprecis><attscale Sync="TRUE">0</attscale></attr><attr><attrlabl Sync="TRUE">f08</attrlabl><attalias Sync="TRUE">f08</attalias><attrtype Sync="TRUE">String</attrtype><attwidth Sync="TRUE">254</attwidth><atprecis Sync="TRUE">0</atprecis><attscale Sync="TRUE">0</attscale></attr><attr><attrlabl Sync="TRUE">f09</attrlabl><attalias Sync="TRUE">f09</attalias><attrtype Sync="TRUE">String</attrtype><attwidth Sync="TRUE">254</attwidth><atprecis Sync="TRUE">0</atprecis><attscale Sync="TRUE">0</attscale></attr><attr><attrlabl Sync="TRUE">f10</attrlabl><attalias Sync="TRUE">f10</attalias><attrtype Sync="TRUE">String</attrtype><attwidth Sync="TRUE">254</attwidth><atprecis Sync="TRUE">0</atprecis><attscale Sync="TRUE">0</attscale></attr><attr><attrlabl Sync="TRUE">f11</attrlabl><attalias Sync="TRUE">f11</attalias><attrtype Sync="TRUE">String</attrtype><attwidth Sync="TRUE">254</attwidth><atprecis Sync="TRUE">0</atprecis><attscale Sync="TRUE">0</attscale></attr><attr><attrlabl Sync="TRUE">f12</attrlabl><attalias Sync="TRUE">f12</attalias><attrtype Sync="TRUE">String</attrtype><attwidth Sync="TRUE">254</attwidth><atprecis Sync="TRUE">0</atprecis><attscale Sync="TRUE">0</attscale></attr><attr><attrlabl Sync="TRUE">f13</attrlabl><attalias Sync="TRUE">f13</attalias><attrtype Sync="TRUE">Integer</attrtype><attwidth Sync="TRUE">10</attwidth><atprecis Sync="TRUE">10</atprecis><attscale Sync="TRUE">0</attscale></attr><attr><attrlabl Sync="TRUE">f14</attrlabl><attalias Sync="TRUE">f14</attalias><attrtype Sync="TRUE">String</attrtype><attwidth Sync="TRUE">254</attwidth><atprecis Sync="TRUE">0</atprecis><attscale Sync="TRUE">0</attscale></attr><attr><attrlabl Sync="TRUE">f15</attrlabl><attalias Sync="TRUE">f15</attalias><attrtype Sync="TRUE">String</attrtype><attwidth Sync="TRUE">254</attwidth><atprecis Sync="TRUE">0</atprecis><attscale Sync="TRUE">0</attscale></attr><attr><attrlabl Sync="TRUE">ANO_CENSO</attrlabl><attalias Sync="TRUE">ANO_CENSO</attalias><attrtype Sync="TRUE">Double</attrtype><attwidth Sync="TRUE">19</attwidth><atprecis Sync="TRUE">0</atprecis><attscale Sync="TRUE">0</attscale></attr><attr><attrlabl Sync="TRUE">PK_COD_ENT</attrlabl><attalias Sync="TRUE">PK_COD_ENT</attalias><attrtype Sync="TRUE">Double</attrtype><attwidth Sync="TRUE">19</attwidth><atprecis Sync="TRUE">0</atprecis><attscale Sync="TRUE">0</attscale></attr><attr><attrlabl Sync="TRUE">NO_ENTIDAD</attrlabl><attalias Sync="TRUE">NO_ENTIDAD</attalias><attrtype Sync="TRUE">String</attrtype><attwidth Sync="TRUE">254</attwidth><atprecis Sync="TRUE">0</atprecis><attscale Sync="TRUE">0</attscale></attr><attr><attrlabl Sync="TRUE">COD_ORGAO_</attrlabl><attalias Sync="TRUE">COD_ORGAO_</attalias><attrtype Sync="TRUE">Double</attrtype><attwidth Sync="TRUE">19</attwidth><atprecis Sync="TRUE">0</atprecis><attscale Sync="TRUE">0</attscale></attr><attr><attrlabl Sync="TRUE">DESC_SITUA</attrlabl><attalias Sync="TRUE">DESC_SITUA</attalias><attrtype Sync="TRUE">Double</attrtype><attwidth Sync="TRUE">19</attwidth><atprecis Sync="TRUE">0</atprecis><attscale Sync="TRUE">0</attscale></attr><attr><attrlabl Sync="TRUE">FK_COD_EST</attrlabl><attalias Sync="TRUE">FK_COD_EST</attalias><attrtype Sync="TRUE">Double</attrtype><attwidth Sync="TRUE">19</attwidth><atprecis Sync="TRUE">0</atprecis><attscale Sync="TRUE">0</attscale></attr><attr><attrlabl Sync="TRUE">SIGLA</attrlabl><attalias Sync="TRUE">SIGLA</attalias><attrtype Sync="TRUE">String</attrtype><attwidth Sync="TRUE">254</attwidth><atprecis Sync="TRUE">0</atprecis><attscale Sync="TRUE">0</attscale></attr><attr><attrlabl Sync="TRUE">FK_COD_MUN</attrlabl><attalias Sync="TRUE">FK_COD_MUN</attalias><attrtype Sync="TRUE">Double</attrtype><attwidth Sync="TRUE">19</attwidth><atprecis Sync="TRUE">0</atprecis><attscale Sync="TRUE">0</attscale></attr><attr><attrlabl Sync="TRUE">FK_COD_DIS</attrlabl><attalias Sync="TRUE">FK_COD_DIS</attalias><attrtype Sync="TRUE">Double</attrtype><attwidth Sync="TRUE">19</attwidth><atprecis Sync="TRUE">0</atprecis><attscale Sync="TRUE">0</attscale></attr><attr><attrlabl Sync="TRUE">ID_DEPENDE</attrlabl><attalias Sync="TRUE">ID_DEPENDE</attalias><attrtype Sync="TRUE">Double</attrtype><attwidth Sync="TRUE">19</attwidth><atprecis Sync="TRUE">0</atprecis><attscale Sync="TRUE">0</attscale></attr><attr><attrlabl Sync="TRUE">ID_LOCALIZ</attrlabl><attalias Sync="TRUE">ID_LOCALIZ</attalias><attrtype Sync="TRUE">Double</attrtype><attwidth Sync="TRUE">19</attwidth><atprecis Sync="TRUE">0</atprecis><attscale Sync="TRUE">0</attscale></attr><attr><attrlabl Sync="TRUE">NUM_FUNCIO</attrlabl><attalias Sync="TRUE">NUM_FUNCIO</attalias><attrtype Sync="TRUE">Double</attrtype><attwidth Sync="TRUE">19</attwidth><atprecis Sync="TRUE">0</atprecis><attscale Sync="TRUE">0</attscale></attr><attr><attrlabl Sync="TRUE">ID_REG_INF</attrlabl><attalias Sync="TRUE">ID_REG_INF</attalias><attrtype Sync="TRUE">Double</attrtype><attwidth Sync="TRUE">19</attwidth><atprecis Sync="TRUE">0</atprecis><attscale Sync="TRUE">0</attscale></attr><attr><attrlabl Sync="TRUE">ID_REG_I_1</attrlabl><attalias Sync="TRUE">ID_REG_I_1</attalias><attrtype Sync="TRUE">Double</attrtype><attwidth Sync="TRUE">19</attwidth><atprecis Sync="TRUE">0</atprecis><attscale Sync="TRUE">0</attscale></attr><attr><attrlabl Sync="TRUE">ID_ESP_INF</attrlabl><attalias Sync="TRUE">ID_ESP_INF</attalias><attrtype Sync="TRUE">Double</attrtype><attwidth Sync="TRUE">19</attwidth><atprecis Sync="TRUE">0</atprecis><attscale Sync="TRUE">0</attscale></attr><attr><attrlabl Sync="TRUE">ID_ESP_I_1</attrlabl><attalias Sync="TRUE">ID_ESP_I_1</attalias><attrtype Sync="TRUE">Double</attrtype><attwidth Sync="TRUE">19</attwidth><atprecis Sync="TRUE">0</atprecis><attscale Sync="TRUE">0</attscale></attr><attr><attrlabl Sync="TRUE">ENS_INF</attrlabl><attalias Sync="TRUE">ENS_INF</attalias><attrtype Sync="TRUE">Double</attrtype><attwidth Sync="TRUE">19</attwidth><atprecis Sync="TRUE">0</atprecis><attscale Sync="TRUE">0</attscale></attr><attr><attrlabl Sync="TRUE">ID_REG_FUN</attrlabl><attalias Sync="TRUE">ID_REG_FUN</attalias><attrtype Sync="TRUE">Double</attrtype><attwidth Sync="TRUE">19</attwidth><atprecis Sync="TRUE">0</atprecis><attscale Sync="TRUE">0</attscale></attr><attr><attrlabl Sync="TRUE">ID_REG_F_1</attrlabl><attalias Sync="TRUE">ID_REG_F_1</attalias><attrtype Sync="TRUE">Double</attrtype><attwidth Sync="TRUE">19</attwidth><atprecis Sync="TRUE">0</atprecis><attscale Sync="TRUE">0</attscale></attr><attr><attrlabl Sync="TRUE">ID_ESP_FUN</attrlabl><attalias Sync="TRUE">ID_ESP_FUN</attalias><attrtype Sync="TRUE">Double</attrtype><attwidth Sync="TRUE">19</attwidth><atprecis Sync="TRUE">0</atprecis><attscale Sync="TRUE">0</attscale></attr><attr><attrlabl Sync="TRUE">ID_ESP_F_1</attrlabl><attalias Sync="TRUE">ID_ESP_F_1</attalias><attrtype Sync="TRUE">Double</attrtype><attwidth Sync="TRUE">19</attwidth><atprecis Sync="TRUE">0</atprecis><attscale Sync="TRUE">0</attscale></attr><attr><attrlabl Sync="TRUE">ID_EJA_FUN</attrlabl><attalias Sync="TRUE">ID_EJA_FUN</attalias><attrtype Sync="TRUE">Double</attrtype><attwidth Sync="TRUE">19</attwidth><atprecis Sync="TRUE">0</atprecis><attscale Sync="TRUE">0</attscale></attr><attr><attrlabl Sync="TRUE">ID_EJA_PRO</attrlabl><attalias Sync="TRUE">ID_EJA_PRO</attalias><attrtype Sync="TRUE">Double</attrtype><attwidth Sync="TRUE">19</attwidth><atprecis Sync="TRUE">0</atprecis><attscale Sync="TRUE">0</attscale></attr><attr><attrlabl Sync="TRUE">ENS_FUNDA</attrlabl><attalias Sync="TRUE">ENS_FUNDA</attalias><attrtype Sync="TRUE">Double</attrtype><attwidth Sync="TRUE">19</attwidth><atprecis Sync="TRUE">0</atprecis><attscale Sync="TRUE">0</attscale></attr><attr><attrlabl Sync="TRUE">ID_REG_MED</attrlabl><attalias Sync="TRUE">ID_REG_MED</attalias><attrtype Sync="TRUE">Double</attrtype><attwidth Sync="TRUE">19</attwidth><atprecis Sync="TRUE">0</atprecis><attscale Sync="TRUE">0</attscale></attr><attr><attrlabl Sync="TRUE">ID_REG_M_1</attrlabl><attalias Sync="TRUE">ID_REG_M_1</attalias><attrtype Sync="TRUE">Double</attrtype><attwidth Sync="TRUE">19</attwidth><atprecis Sync="TRUE">0</atprecis><attscale Sync="TRUE">0</attscale></attr><attr><attrlabl Sync="TRUE">ID_REG_M_2</attrlabl><attalias Sync="TRUE">ID_REG_M_2</attalias><attrtype Sync="TRUE">Double</attrtype><attwidth Sync="TRUE">19</attwidth><atprecis Sync="TRUE">0</atprecis><attscale Sync="TRUE">0</attscale></attr><attr><attrlabl Sync="TRUE">ID_REG_M_3</attrlabl><attalias Sync="TRUE">ID_REG_M_3</attalias><attrtype Sync="TRUE">Double</attrtype><attwidth Sync="TRUE">19</attwidth><atprecis Sync="TRUE">0</atprecis><attscale Sync="TRUE">0</attscale></attr><attr><attrlabl Sync="TRUE">ID_ESP_MED</attrlabl><attalias Sync="TRUE">ID_ESP_MED</attalias><attrtype Sync="TRUE">Double</attrtype><attwidth Sync="TRUE">19</attwidth><atprecis Sync="TRUE">0</atprecis><attscale Sync="TRUE">0</attscale></attr><attr><attrlabl Sync="TRUE">ID_ESP_M_1</attrlabl><attalias Sync="TRUE">ID_ESP_M_1</attalias><attrtype Sync="TRUE">Double</attrtype><attwidth Sync="TRUE">19</attwidth><atprecis Sync="TRUE">0</atprecis><attscale Sync="TRUE">0</attscale></attr><attr><attrlabl Sync="TRUE">ID_ESP_M_2</attrlabl><attalias Sync="TRUE">ID_ESP_M_2</attalias><attrtype Sync="TRUE">Double</attrtype><attwidth Sync="TRUE">19</attwidth><atprecis Sync="TRUE">0</atprecis><attscale Sync="TRUE">0</attscale></attr><attr><attrlabl Sync="TRUE">ID_ESP_M_3</attrlabl><attalias Sync="TRUE">ID_ESP_M_3</attalias><attrtype Sync="TRUE">Double</attrtype><attwidth Sync="TRUE">19</attwidth><atprecis Sync="TRUE">0</atprecis><attscale Sync="TRUE">0</attscale></attr><attr><attrlabl Sync="TRUE">ID_ESP_EJA</attrlabl><attalias Sync="TRUE">ID_ESP_EJA</attalias><attrtype Sync="TRUE">Double</attrtype><attwidth Sync="TRUE">19</attwidth><atprecis Sync="TRUE">0</atprecis><attscale Sync="TRUE">0</attscale></attr><attr><attrlabl Sync="TRUE">ID_ESP_E_1</attrlabl><attalias Sync="TRUE">ID_ESP_E_1</attalias><attrtype Sync="TRUE">Double</attrtype><attwidth Sync="TRUE">19</attwidth><atprecis Sync="TRUE">0</atprecis><attscale Sync="TRUE">0</attscale></attr><attr><attrlabl Sync="TRUE">ID_EJA_MED</attrlabl><attalias Sync="TRUE">ID_EJA_MED</attalias><attrtype Sync="TRUE">Double</attrtype><attwidth Sync="TRUE">19</attwidth><atprecis Sync="TRUE">0</atprecis><attscale Sync="TRUE">0</attscale></attr><attr><attrlabl Sync="TRUE">ENS_MEDIO</attrlabl><attalias Sync="TRUE">ENS_MEDIO</attalias><attrtype Sync="TRUE">Double</attrtype><attwidth Sync="TRUE">19</attwidth><atprecis Sync="TRUE">0</atprecis><attscale Sync="TRUE">0</attscale></attr></detailed></eainfo><mdDateSt Sync="TRUE">20180209</mdDateSt></metadata>
