<?xml version="1.0" encoding="UTF-8"?>
<metadata xml:lang="en"><Esri><CreaDate>20180818</CreaDate><CreaTime>21084300</CreaTime><ArcGISFormat>1.0</ArcGISFormat><SyncOnce>FALSE</SyncOnce><DataProperties><lineage><Process ToolSource="c:\program files (x86)\arcgis\desktop10.4\ArcToolbox\Toolboxes\Data Management Tools.tbx\CalculateField" Date="20171109" Time="113758">CalculateField INFR_AllMotor_Roads_OSM_2017_PGY Tipo "Carretera principal" VB #</Process><Process ToolSource="c:\program files (x86)\arcgis\desktop10.4\ArcToolbox\Toolboxes\Data Management Tools.tbx\CalculateField" Date="20171109" Time="113936">CalculateField INFR_AllMotor_Roads_OSM_2017_PGY Tipo "Carretera secundaria"
 VB #</Process><Process ToolSource="c:\program files (x86)\arcgis\desktop10.4\ArcToolbox\Toolboxes\Data Management Tools.tbx\CalculateField" Date="20171109" Time="114123">CalculateField INFR_AllMotor_Roads_OSM_2017_PGY Tipo "Carretera terciaria"
 VB #</Process><Process ToolSource="c:\program files (x86)\arcgis\desktop10.4\ArcToolbox\Toolboxes\Data Management Tools.tbx\CalculateField" Date="20171109" Time="114321">CalculateField INFR_AllMotor_Roads_OSM_2017_PGY Tipo "Camino no clasificado"
 VB #</Process><Process ToolSource="c:\program files (x86)\arcgis\desktop10.4\ArcToolbox\Toolboxes\Analysis Tools.tbx\Intersect" Date="20171215" Time="125103">Intersect "'Per district\OSM\INFR_Classified_Roads_OSM_2017_PGY' #;'Per district\ADM_Districts_UNASUR_2015_PGY' #" "E:\Dropbox (GeoAdaptive)\2017_043_BID_Paraguay_MASTER\GIS\Analysis\Road density\OSM\all_road_intersect_OSM.shp" ALL # INPUT</Process><Process ToolSource="c:\program files (x86)\arcgis\desktop10.4\ArcToolbox\Toolboxes\Data Management Tools.tbx\Project" Date="20171215" Time="125517">Project "Per district\OSM\all_road_intersect_OSM" "E:\Dropbox (GeoAdaptive)\2017_043_BID_Paraguay_MASTER\GIS\Analysis\Road density\OSM\all_road_intersect_OSM_projected.shp" PROJCS['WGS_1984_UTM_Zone_21S',GEOGCS['GCS_WGS_1984',DATUM['D_WGS_1984',SPHEROID['WGS_1984',6378137.0,298.257223563]],PRIMEM['Greenwich',0.0],UNIT['Degree',0.0174532925199433]],PROJECTION['Transverse_Mercator'],PARAMETER['False_Easting',500000.0],PARAMETER['False_Northing',10000000.0],PARAMETER['Central_Meridian',-57.0],PARAMETER['Scale_Factor',0.9996],PARAMETER['Latitude_Of_Origin',0.0],UNIT['Meter',1.0]] # GEOGCS['GCS_WGS_1984',DATUM['D_WGS_1984',SPHEROID['WGS_1984',6378137.0,298.257223563]],PRIMEM['Greenwich',0.0],UNIT['Degree',0.0174532925199433]] NO_PRESERVE_SHAPE # NO_VERTICAL</Process><Process ToolSource="c:\program files (x86)\arcgis\desktop10.4\ArcToolbox\Toolboxes\Data Management Tools.tbx\DeleteField" Date="20171215" Time="172704">DeleteField Replaced_Roads_17_OSM ref;FID_ADM_Di;IDUSCO;ACC;ZJM;ZPP;ACC_LBL;ZPP_LBL;OBS;Total_Area;NAME_1</Process><Process ToolSource="c:\program files (x86)\arcgis\desktop10.4\ArcToolbox\Toolboxes\Data Management Tools.tbx\Merge" Date="20171215" Time="173221">Merge Replaced_Roads_17_OSM;Remain_Roads_233_MOPC "E:\Dropbox (GeoAdaptive)\2017_043_BID_Paraguay_MASTER\GIS\Analysis\Road density\Hybrid\Hybrid_road_MOPC_OSM.shp" "FID_INFR_C "FID_INFR_C" true true false 10 Long 0 10 ,First,#,Replaced_Roads_17_OSM,FID_INFR_C,-1,-1;osm_id "osm_id" true true false 10 Text 0 0 ,First,#,Replaced_Roads_17_OSM,osm_id,-1,-1;code "code" true true false 10 Long 0 10 ,First,#,Replaced_Roads_17_OSM,code,-1,-1;fclass "fclass" true true false 20 Text 0 0 ,First,#,Replaced_Roads_17_OSM,fclass,-1,-1;name "name" true true false 100 Text 0 0 ,First,#,Replaced_Roads_17_OSM,name,-1,-1;oneway "oneway" true true false 1 Text 0 0 ,First,#,Replaced_Roads_17_OSM,oneway,-1,-1;maxspeed "maxspeed" true true false 10 Long 0 10 ,First,#,Replaced_Roads_17_OSM,maxspeed,-1,-1;layer "layer" true true false 19 Double 0 0 ,First,#,Replaced_Roads_17_OSM,layer,-1,-1;bridge "bridge" true true false 1 Text 0 0 ,First,#,Replaced_Roads_17_OSM,bridge,-1,-1;tunnel "tunnel" true true false 1 Text 0 0 ,First,#,Replaced_Roads_17_OSM,tunnel,-1,-1;Tipo "Tipo" true true false 50 Text 0 0 ,First,#,Replaced_Roads_17_OSM,Tipo,-1,-1;Length_Km "Length_Km" true true false 19 Double 0 0 ,First,#,Replaced_Roads_17_OSM,Length_Km,-1,-1,Remain_Roads_233_MOPC,Length_KM,-1,-1;NAM "NAM" true true false 100 Text 0 0 ,First,#,Replaced_Roads_17_OSM,NAM,-1,-1,Remain_Roads_233_MOPC,NAM,-1,-1;OBJECTID "OBJECTID" true true false 10 Long 0 10 ,First,#,Remain_Roads_233_MOPC,OBJECTID,-1,-1;CODIG "CODIG" true true false 254 Text 0 0 ,First,#,Remain_Roads_233_MOPC,CODIG,-1,-1;NOMBR "NOMBR" true true false 254 Text 0 0 ,First,#,Remain_Roads_233_MOPC,NOMBR,-1,-1;CLASI "CLASI" true true false 254 Text 0 0 ,First,#,Remain_Roads_233_MOPC,CLASI,-1,-1;SUP_R "SUP_R" true true false 254 Text 0 0 ,First,#,Remain_Roads_233_MOPC,SUP_R,-1,-1;SUB_TRAMO "SUB_TRAMO" true true false 2 Text 0 0 ,First,#,Remain_Roads_233_MOPC,SUB_TRAMO,-1,-1;CERTIFICAD "CERTIFICAD" true true false 10 Long 0 10 ,First,#,Remain_Roads_233_MOPC,CERTIFICAD,-1,-1;TIPO_SUPER "TIPO_SUPER" true true false 10 Text 0 0 ,First,#,Remain_Roads_233_MOPC,TIPO_SUPER,-1,-1"</Process><Process ToolSource="c:\program files (x86)\arcgis\desktop10.6\ArcToolbox\Toolboxes\Data Management Tools.tbx\Merge" Date="20180818" Time="210825">Merge Transportation\INFR_Carreteras_Principales_AP_OSM_MOPC_2017_PRY;Transportation\INFR_Carreteras_Principales_OP_OSM_IBGE_2017_BRA "D:\Dropbox (GeoAdaptive)\2017_044_BID_Alto_Parana_MASTER\GIS\Derived\Diagnostico\APOP_PROADS.shp" "FID_INFR_C "FID_INFR_C" true true false 10 Long 0 10 ,First,#,Transportation\INFR_Carreteras_Principales_AP_OSM_MOPC_2017_PRY,FID_INFR_C,-1,-1;osm_id "osm_id" true true false 10 Text 0 0 ,First,#,Transportation\INFR_Carreteras_Principales_AP_OSM_MOPC_2017_PRY,osm_id,-1,-1,Transportation\INFR_Carreteras_Principales_OP_OSM_IBGE_2017_BRA,osm_id,-1,-1;code "code" true true false 10 Long 0 10 ,First,#,Transportation\INFR_Carreteras_Principales_AP_OSM_MOPC_2017_PRY,code,-1,-1,Transportation\INFR_Carreteras_Principales_OP_OSM_IBGE_2017_BRA,code,-1,-1;fclass "fclass" true true false 20 Text 0 0 ,First,#,Transportation\INFR_Carreteras_Principales_AP_OSM_MOPC_2017_PRY,fclass,-1,-1,Transportation\INFR_Carreteras_Principales_OP_OSM_IBGE_2017_BRA,fclass,-1,-1;name "name" true true false 100 Text 0 0 ,First,#,Transportation\INFR_Carreteras_Principales_AP_OSM_MOPC_2017_PRY,name,-1,-1,Transportation\INFR_Carreteras_Principales_OP_OSM_IBGE_2017_BRA,name,-1,-1;oneway "oneway" true true false 1 Text 0 0 ,First,#,Transportation\INFR_Carreteras_Principales_AP_OSM_MOPC_2017_PRY,oneway,-1,-1,Transportation\INFR_Carreteras_Principales_OP_OSM_IBGE_2017_BRA,oneway,-1,-1;maxspeed "maxspeed" true true false 10 Long 0 10 ,First,#,Transportation\INFR_Carreteras_Principales_AP_OSM_MOPC_2017_PRY,maxspeed,-1,-1,Transportation\INFR_Carreteras_Principales_OP_OSM_IBGE_2017_BRA,maxspeed,-1,-1;layer "layer" true true false 19 Double 0 0 ,First,#,Transportation\INFR_Carreteras_Principales_AP_OSM_MOPC_2017_PRY,layer,-1,-1,Transportation\INFR_Carreteras_Principales_OP_OSM_IBGE_2017_BRA,layer,-1,-1;bridge "bridge" true true false 1 Text 0 0 ,First,#,Transportation\INFR_Carreteras_Principales_AP_OSM_MOPC_2017_PRY,bridge,-1,-1,Transportation\INFR_Carreteras_Principales_OP_OSM_IBGE_2017_BRA,bridge,-1,-1;tunnel "tunnel" true true false 1 Text 0 0 ,First,#,Transportation\INFR_Carreteras_Principales_AP_OSM_MOPC_2017_PRY,tunnel,-1,-1,Transportation\INFR_Carreteras_Principales_OP_OSM_IBGE_2017_BRA,tunnel,-1,-1;Tipo "Tipo" true true false 50 Text 0 0 ,First,#,Transportation\INFR_Carreteras_Principales_AP_OSM_MOPC_2017_PRY,Tipo,-1,-1;Length_Km "Length_Km" true true false 19 Double 0 0 ,First,#,Transportation\INFR_Carreteras_Principales_AP_OSM_MOPC_2017_PRY,Length_Km,-1,-1;NAM "NAM" true true false 100 Text 0 0 ,First,#,Transportation\INFR_Carreteras_Principales_AP_OSM_MOPC_2017_PRY,NAM,-1,-1;OBJECTID "OBJECTID" true true false 10 Long 0 10 ,First,#,Transportation\INFR_Carreteras_Principales_AP_OSM_MOPC_2017_PRY,OBJECTID,-1,-1,Transportation\INFR_Carreteras_Principales_OP_OSM_IBGE_2017_BRA,OBJECTID,-1,-1;CODIG "CODIG" true true false 254 Text 0 0 ,First,#,Transportation\INFR_Carreteras_Principales_AP_OSM_MOPC_2017_PRY,CODIG,-1,-1;NOMBR "NOMBR" true true false 254 Text 0 0 ,First,#,Transportation\INFR_Carreteras_Principales_AP_OSM_MOPC_2017_PRY,NOMBR,-1,-1;CLASI "CLASI" true true false 254 Text 0 0 ,First,#,Transportation\INFR_Carreteras_Principales_AP_OSM_MOPC_2017_PRY,CLASI,-1,-1;SUP_R "SUP_R" true true false 254 Text 0 0 ,First,#,Transportation\INFR_Carreteras_Principales_AP_OSM_MOPC_2017_PRY,SUP_R,-1,-1;SUB_TRAMO "SUB_TRAMO" true true false 2 Text 0 0 ,First,#,Transportation\INFR_Carreteras_Principales_AP_OSM_MOPC_2017_PRY,SUB_TRAMO,-1,-1;CERTIFICAD "CERTIFICAD" true true false 10 Long 0 10 ,First,#,Transportation\INFR_Carreteras_Principales_AP_OSM_MOPC_2017_PRY,CERTIFICAD,-1,-1;TIPO_SUPER "TIPO_SUPER" true true false 10 Text 0 0 ,First,#,Transportation\INFR_Carreteras_Principales_AP_OSM_MOPC_2017_PRY,TIPO_SUPER,-1,-1;ref "ref" true true false 20 Text 0 0 ,First,#,Transportation\INFR_Carreteras_Principales_OP_OSM_IBGE_2017_BRA,ref,-1,-1;codtrechor "codtrechor" true true false 27 Text 0 0 ,First,#,Transportation\INFR_Carreteras_Principales_OP_OSM_IBGE_2017_BRA,codtrechor,-1,-1;tipotrecho "tipotrecho" true true false 80 Text 0 0 ,First,#,Transportation\INFR_Carreteras_Principales_OP_OSM_IBGE_2017_BRA,tipotrecho,-1,-1;jurisdicao "jurisdicao" true true false 80 Text 0 0 ,First,#,Transportation\INFR_Carreteras_Principales_OP_OSM_IBGE_2017_BRA,jurisdicao,-1,-1;administra "administra" true true false 80 Text 0 0 ,First,#,Transportation\INFR_Carreteras_Principales_OP_OSM_IBGE_2017_BRA,administra,-1,-1;concession "concession" true true false 100 Text 0 0 ,First,#,Transportation\INFR_Carreteras_Principales_OP_OSM_IBGE_2017_BRA,concession,-1,-1;revestimen "revestimen" true true false 80 Text 0 0 ,First,#,Transportation\INFR_Carreteras_Principales_OP_OSM_IBGE_2017_BRA,revestimen,-1,-1;operaciona "operaciona" true true false 12 Text 0 0 ,First,#,Transportation\INFR_Carreteras_Principales_OP_OSM_IBGE_2017_BRA,operaciona,-1,-1;situacaofi "situacaofi" true true false 80 Text 0 0 ,First,#,Transportation\INFR_Carreteras_Principales_OP_OSM_IBGE_2017_BRA,situacaofi,-1,-1;nrpistas "nrpistas" true true false 10 Long 0 10 ,First,#,Transportation\INFR_Carreteras_Principales_OP_OSM_IBGE_2017_BRA,nrpistas,-1,-1;nrfaixas "nrfaixas" true true false 10 Long 0 10 ,First,#,Transportation\INFR_Carreteras_Principales_OP_OSM_IBGE_2017_BRA,nrfaixas,-1,-1;trafego "trafego" true true false 80 Text 0 0 ,First,#,Transportation\INFR_Carreteras_Principales_OP_OSM_IBGE_2017_BRA,trafego,-1,-1;capaccarga "capaccarga" true true false 19 Double 0 0 ,First,#,Transportation\INFR_Carreteras_Principales_OP_OSM_IBGE_2017_BRA,capaccarga,-1,-1;id_produto "id_produto" true true false 10 Long 0 10 ,First,#,Transportation\INFR_Carreteras_Principales_OP_OSM_IBGE_2017_BRA,id_produto,-1,-1;id_element "id_element" true true false 10 Long 0 10 ,First,#,Transportation\INFR_Carreteras_Principales_OP_OSM_IBGE_2017_BRA,id_element,-1,-1;geometriaa "geometriaa" true true false 4 Text 0 0 ,First,#,Transportation\INFR_Carreteras_Principales_OP_OSM_IBGE_2017_BRA,geometriaa,-1,-1;canteirodi "canteirodi" true true false 4 Text 0 0 ,First,#,Transportation\INFR_Carreteras_Principales_OP_OSM_IBGE_2017_BRA,canteirodi,-1,-1;Shape_Leng "Shape_Leng" true true false 19 Double 0 0 ,First,#,Transportation\INFR_Carreteras_Principales_OP_OSM_IBGE_2017_BRA,Shape_Leng,-1,-1"</Process></lineage><itemProps><itemName Sync="TRUE">APOP_PROADS</itemName><imsContentType Sync="TRUE">002</imsContentType><itemSize Sync="TRUE">0.000</itemSize><itemLocation><linkage Sync="TRUE">file://\\DESKTOP-7IT737O\D$\Dropbox (GeoAdaptive)\2017_044_BID_Alto_Parana_MASTER\GIS\Derived\Diagnostico\APOP_PROADS.shp</linkage><protocol Sync="TRUE">Local Area Network</protocol></itemLocation></itemProps><coordRef><type Sync="TRUE">Projected</type><geogcsn Sync="TRUE">GCS_WGS_1984</geogcsn><csUnits Sync="TRUE">Linear Unit: Meter (1.000000)</csUnits><peXml Sync="TRUE">&lt;ProjectedCoordinateSystem xsi:type='typens:ProjectedCoordinateSystem' xmlns:xsi='http://www.w3.org/2001/XMLSchema-instance' xmlns:xs='http://www.w3.org/2001/XMLSchema' xmlns:typens='http://www.esri.com/schemas/ArcGIS/10.6'&gt;&lt;WKT&gt;PROJCS[&amp;quot;WGS_1984_UTM_Zone_21S&amp;quot;,GEOGCS[&amp;quot;GCS_WGS_1984&amp;quot;,DATUM[&amp;quot;D_WGS_1984&amp;quot;,SPHEROID[&amp;quot;WGS_1984&amp;quot;,6378137.0,298.257223563]],PRIMEM[&amp;quot;Greenwich&amp;quot;,0.0],UNIT[&amp;quot;Degree&amp;quot;,0.0174532925199433]],PROJECTION[&amp;quot;Transverse_Mercator&amp;quot;],PARAMETER[&amp;quot;False_Easting&amp;quot;,500000.0],PARAMETER[&amp;quot;False_Northing&amp;quot;,10000000.0],PARAMETER[&amp;quot;Central_Meridian&amp;quot;,-57.0],PARAMETER[&amp;quot;Scale_Factor&amp;quot;,0.9996],PARAMETER[&amp;quot;Latitude_Of_Origin&amp;quot;,0.0],UNIT[&amp;quot;Meter&amp;quot;,1.0],AUTHORITY[&amp;quot;EPSG&amp;quot;,32721]]&lt;/WKT&gt;&lt;XOrigin&gt;-5120900&lt;/XOrigin&gt;&lt;YOrigin&gt;1900&lt;/YOrigin&gt;&lt;XYScale&gt;450445547.3910538&lt;/XYScale&gt;&lt;ZOrigin&gt;-100000&lt;/ZOrigin&gt;&lt;ZScale&gt;10000&lt;/ZScale&gt;&lt;MOrigin&gt;-100000&lt;/MOrigin&gt;&lt;MScale&gt;10000&lt;/MScale&gt;&lt;XYTolerance&gt;0.001&lt;/XYTolerance&gt;&lt;ZTolerance&gt;0.001&lt;/ZTolerance&gt;&lt;MTolerance&gt;0.001&lt;/MTolerance&gt;&lt;HighPrecision&gt;true&lt;/HighPrecision&gt;&lt;WKID&gt;32721&lt;/WKID&gt;&lt;LatestWKID&gt;32721&lt;/LatestWKID&gt;&lt;/ProjectedCoordinateSystem&gt;</peXml><projcsn Sync="TRUE">WGS_1984_UTM_Zone_21S</projcsn></coordRef></DataProperties><SyncDate>20180818</SyncDate><SyncTime>21082300</SyncTime><ModDate>20180818</ModDate><ModTime>21082300</ModTime></Esri><dataIdInfo><envirDesc Sync="TRUE"> Version 6.2 (Build 9200) ; Esri ArcGIS 10.6.0.8321</envirDesc><dataLang><languageCode value="eng" Sync="TRUE"></languageCode><countryCode value="USA" Sync="TRUE"></countryCode></dataLang><idCitation><resTitle Sync="TRUE">APOP_PROADS</resTitle><presForm><PresFormCd value="005" Sync="TRUE"></PresFormCd></presForm></idCitation><spatRpType><SpatRepTypCd value="001" Sync="TRUE"></SpatRepTypCd></spatRpType></dataIdInfo><mdLang><languageCode value="eng" Sync="TRUE"></languageCode><countryCode value="USA" Sync="TRUE"></countryCode></mdLang><mdChar><CharSetCd value="004" Sync="TRUE"></CharSetCd></mdChar><distInfo><distFormat><formatName Sync="TRUE">Shapefile</formatName></distFormat><distTranOps><transSize Sync="TRUE">0.000</transSize></distTranOps></distInfo><mdHrLv><ScopeCd value="005" Sync="TRUE"></ScopeCd></mdHrLv><mdHrLvName Sync="TRUE">dataset</mdHrLvName><refSysInfo><RefSystem><refSysID><identCode code="32721" Sync="TRUE"></identCode><idCodeSpace Sync="TRUE">EPSG</idCodeSpace><idVersion Sync="TRUE">2.1(3.0.1)</idVersion></refSysID></RefSystem></refSysInfo><spatRepInfo><VectSpatRep><geometObjs Name="APOP_PROADS"><geoObjTyp><GeoObjTypCd value="002" Sync="TRUE"></GeoObjTypCd></geoObjTyp><geoObjCnt Sync="TRUE">0</geoObjCnt></geometObjs><topLvl><TopoLevCd value="001" Sync="TRUE"></TopoLevCd></topLvl></VectSpatRep></spatRepInfo><spdoinfo><ptvctinf><esriterm Name="APOP_PROADS"><efeatyp Sync="TRUE">Simple</efeatyp><efeageom code="3" Sync="TRUE"></efeageom><esritopo Sync="TRUE">FALSE</esritopo><efeacnt Sync="TRUE">0</efeacnt><spindex Sync="TRUE">FALSE</spindex><linrefer Sync="TRUE">TRUE</linrefer></esriterm></ptvctinf></spdoinfo><eainfo><detailed Name="APOP_PROADS"><enttyp><enttypl Sync="TRUE">APOP_PROADS</enttypl><enttypt Sync="TRUE">Feature Class</enttypt><enttypc Sync="TRUE">0</enttypc></enttyp><attr><attrlabl Sync="TRUE">FID</attrlabl><attalias Sync="TRUE">FID</attalias><attrtype Sync="TRUE">OID</attrtype><attwidth Sync="TRUE">4</attwidth><atprecis Sync="TRUE">0</atprecis><attscale Sync="TRUE">0</attscale><attrdef Sync="TRUE">Internal feature number.</attrdef><attrdefs Sync="TRUE">Esri</attrdefs><attrdomv><udom Sync="TRUE">Sequential unique whole numbers that are automatically generated.</udom></attrdomv></attr><attr><attrlabl Sync="TRUE">Shape</attrlabl><attalias Sync="TRUE">Shape</attalias><attrtype Sync="TRUE">Geometry</attrtype><attwidth Sync="TRUE">0</attwidth><atprecis Sync="TRUE">0</atprecis><attscale Sync="TRUE">0</attscale><attrdef Sync="TRUE">Feature geometry.</attrdef><attrdefs Sync="TRUE">Esri</attrdefs><attrdomv><udom Sync="TRUE">Coordinates defining the features.</udom></attrdomv></attr><attr><attrlabl Sync="TRUE">FID_INFR_C</attrlabl><attalias Sync="TRUE">FID_INFR_C</attalias><attrtype Sync="TRUE">Integer</attrtype><attwidth Sync="TRUE">10</attwidth><atprecis Sync="TRUE">10</atprecis><attscale Sync="TRUE">0</attscale></attr><attr><attrlabl Sync="TRUE">osm_id</attrlabl><attalias Sync="TRUE">osm_id</attalias><attrtype Sync="TRUE">String</attrtype><attwidth Sync="TRUE">10</attwidth><atprecis Sync="TRUE">0</atprecis><attscale Sync="TRUE">0</attscale></attr><attr><attrlabl Sync="TRUE">code</attrlabl><attalias Sync="TRUE">code</attalias><attrtype Sync="TRUE">Integer</attrtype><attwidth Sync="TRUE">10</attwidth><atprecis Sync="TRUE">10</atprecis><attscale Sync="TRUE">0</attscale></attr><attr><attrlabl Sync="TRUE">fclass</attrlabl><attalias Sync="TRUE">fclass</attalias><attrtype Sync="TRUE">String</attrtype><attwidth Sync="TRUE">20</attwidth><atprecis Sync="TRUE">0</atprecis><attscale Sync="TRUE">0</attscale></attr><attr><attrlabl Sync="TRUE">name</attrlabl><attalias Sync="TRUE">name</attalias><attrtype Sync="TRUE">String</attrtype><attwidth Sync="TRUE">100</attwidth><atprecis Sync="TRUE">0</atprecis><attscale Sync="TRUE">0</attscale></attr><attr><attrlabl Sync="TRUE">oneway</attrlabl><attalias Sync="TRUE">oneway</attalias><attrtype Sync="TRUE">String</attrtype><attwidth Sync="TRUE">1</attwidth><atprecis Sync="TRUE">0</atprecis><attscale Sync="TRUE">0</attscale></attr><attr><attrlabl Sync="TRUE">maxspeed</attrlabl><attalias Sync="TRUE">maxspeed</attalias><attrtype Sync="TRUE">Integer</attrtype><attwidth Sync="TRUE">10</attwidth><atprecis Sync="TRUE">10</atprecis><attscale Sync="TRUE">0</attscale></attr><attr><attrlabl Sync="TRUE">layer</attrlabl><attalias Sync="TRUE">layer</attalias><attrtype Sync="TRUE">Double</attrtype><attwidth Sync="TRUE">19</attwidth><atprecis Sync="TRUE">0</atprecis><attscale Sync="TRUE">0</attscale></attr><attr><attrlabl Sync="TRUE">bridge</attrlabl><attalias Sync="TRUE">bridge</attalias><attrtype Sync="TRUE">String</attrtype><attwidth Sync="TRUE">1</attwidth><atprecis Sync="TRUE">0</atprecis><attscale Sync="TRUE">0</attscale></attr><attr><attrlabl Sync="TRUE">tunnel</attrlabl><attalias Sync="TRUE">tunnel</attalias><attrtype Sync="TRUE">String</attrtype><attwidth Sync="TRUE">1</attwidth><atprecis Sync="TRUE">0</atprecis><attscale Sync="TRUE">0</attscale></attr><attr><attrlabl Sync="TRUE">Tipo</attrlabl><attalias Sync="TRUE">Tipo</attalias><attrtype Sync="TRUE">String</attrtype><attwidth Sync="TRUE">50</attwidth><atprecis Sync="TRUE">0</atprecis><attscale Sync="TRUE">0</attscale></attr><attr><attrlabl Sync="TRUE">Length_Km</attrlabl><attalias Sync="TRUE">Length_Km</attalias><attrtype Sync="TRUE">Double</attrtype><attwidth Sync="TRUE">19</attwidth><atprecis Sync="TRUE">0</atprecis><attscale Sync="TRUE">0</attscale></attr><attr><attrlabl Sync="TRUE">NAM</attrlabl><attalias Sync="TRUE">NAM</attalias><attrtype Sync="TRUE">String</attrtype><attwidth Sync="TRUE">100</attwidth><atprecis Sync="TRUE">0</atprecis><attscale Sync="TRUE">0</attscale></attr><attr><attrlabl Sync="TRUE">OBJECTID</attrlabl><attalias Sync="TRUE">OBJECTID</attalias><attrtype Sync="TRUE">Integer</attrtype><attwidth Sync="TRUE">10</attwidth><atprecis Sync="TRUE">10</atprecis><attscale Sync="TRUE">0</attscale></attr><attr><attrlabl Sync="TRUE">CODIG</attrlabl><attalias Sync="TRUE">CODIG</attalias><attrtype Sync="TRUE">String</attrtype><attwidth Sync="TRUE">254</attwidth><atprecis Sync="TRUE">0</atprecis><attscale Sync="TRUE">0</attscale></attr><attr><attrlabl Sync="TRUE">NOMBR</attrlabl><attalias Sync="TRUE">NOMBR</attalias><attrtype Sync="TRUE">String</attrtype><attwidth Sync="TRUE">254</attwidth><atprecis Sync="TRUE">0</atprecis><attscale Sync="TRUE">0</attscale></attr><attr><attrlabl Sync="TRUE">CLASI</attrlabl><attalias Sync="TRUE">CLASI</attalias><attrtype Sync="TRUE">String</attrtype><attwidth Sync="TRUE">254</attwidth><atprecis Sync="TRUE">0</atprecis><attscale Sync="TRUE">0</attscale></attr><attr><attrlabl Sync="TRUE">SUP_R</attrlabl><attalias Sync="TRUE">SUP_R</attalias><attrtype Sync="TRUE">String</attrtype><attwidth Sync="TRUE">254</attwidth><atprecis Sync="TRUE">0</atprecis><attscale Sync="TRUE">0</attscale></attr><attr><attrlabl Sync="TRUE">SUB_TRAMO</attrlabl><attalias Sync="TRUE">SUB_TRAMO</attalias><attrtype Sync="TRUE">String</attrtype><attwidth Sync="TRUE">2</attwidth><atprecis Sync="TRUE">0</atprecis><attscale Sync="TRUE">0</attscale></attr><attr><attrlabl Sync="TRUE">CERTIFICAD</attrlabl><attalias Sync="TRUE">CERTIFICAD</attalias><attrtype Sync="TRUE">Integer</attrtype><attwidth Sync="TRUE">10</attwidth><atprecis Sync="TRUE">10</atprecis><attscale Sync="TRUE">0</attscale></attr><attr><attrlabl Sync="TRUE">TIPO_SUPER</attrlabl><attalias Sync="TRUE">TIPO_SUPER</attalias><attrtype Sync="TRUE">String</attrtype><attwidth Sync="TRUE">10</attwidth><atprecis Sync="TRUE">0</atprecis><attscale Sync="TRUE">0</attscale></attr><attr><attrlabl Sync="TRUE">ref</attrlabl><attalias Sync="TRUE">ref</attalias><attrtype Sync="TRUE">String</attrtype><attwidth Sync="TRUE">20</attwidth><atprecis Sync="TRUE">0</atprecis><attscale Sync="TRUE">0</attscale></attr><attr><attrlabl Sync="TRUE">codtrechor</attrlabl><attalias Sync="TRUE">codtrechor</attalias><attrtype Sync="TRUE">String</attrtype><attwidth Sync="TRUE">27</attwidth><atprecis Sync="TRUE">0</atprecis><attscale Sync="TRUE">0</attscale></attr><attr><attrlabl Sync="TRUE">tipotrecho</attrlabl><attalias Sync="TRUE">tipotrecho</attalias><attrtype Sync="TRUE">String</attrtype><attwidth Sync="TRUE">80</attwidth><atprecis Sync="TRUE">0</atprecis><attscale Sync="TRUE">0</attscale></attr><attr><attrlabl Sync="TRUE">jurisdicao</attrlabl><attalias Sync="TRUE">jurisdicao</attalias><attrtype Sync="TRUE">String</attrtype><attwidth Sync="TRUE">80</attwidth><atprecis Sync="TRUE">0</atprecis><attscale Sync="TRUE">0</attscale></attr><attr><attrlabl Sync="TRUE">administra</attrlabl><attalias Sync="TRUE">administra</attalias><attrtype Sync="TRUE">String</attrtype><attwidth Sync="TRUE">80</attwidth><atprecis Sync="TRUE">0</atprecis><attscale Sync="TRUE">0</attscale></attr><attr><attrlabl Sync="TRUE">concession</attrlabl><attalias Sync="TRUE">concession</attalias><attrtype Sync="TRUE">String</attrtype><attwidth Sync="TRUE">100</attwidth><atprecis Sync="TRUE">0</atprecis><attscale Sync="TRUE">0</attscale></attr><attr><attrlabl Sync="TRUE">revestimen</attrlabl><attalias Sync="TRUE">revestimen</attalias><attrtype Sync="TRUE">String</attrtype><attwidth Sync="TRUE">80</attwidth><atprecis Sync="TRUE">0</atprecis><attscale Sync="TRUE">0</attscale></attr><attr><attrlabl Sync="TRUE">operaciona</attrlabl><attalias Sync="TRUE">operaciona</attalias><attrtype Sync="TRUE">String</attrtype><attwidth Sync="TRUE">12</attwidth><atprecis Sync="TRUE">0</atprecis><attscale Sync="TRUE">0</attscale></attr><attr><attrlabl Sync="TRUE">situacaofi</attrlabl><attalias Sync="TRUE">situacaofi</attalias><attrtype Sync="TRUE">String</attrtype><attwidth Sync="TRUE">80</attwidth><atprecis Sync="TRUE">0</atprecis><attscale Sync="TRUE">0</attscale></attr><attr><attrlabl Sync="TRUE">nrpistas</attrlabl><attalias Sync="TRUE">nrpistas</attalias><attrtype Sync="TRUE">Integer</attrtype><attwidth Sync="TRUE">10</attwidth><atprecis Sync="TRUE">10</atprecis><attscale Sync="TRUE">0</attscale></attr><attr><attrlabl Sync="TRUE">nrfaixas</attrlabl><attalias Sync="TRUE">nrfaixas</attalias><attrtype Sync="TRUE">Integer</attrtype><attwidth Sync="TRUE">10</attwidth><atprecis Sync="TRUE">10</atprecis><attscale Sync="TRUE">0</attscale></attr><attr><attrlabl Sync="TRUE">trafego</attrlabl><attalias Sync="TRUE">trafego</attalias><attrtype Sync="TRUE">String</attrtype><attwidth Sync="TRUE">80</attwidth><atprecis Sync="TRUE">0</atprecis><attscale Sync="TRUE">0</attscale></attr><attr><attrlabl Sync="TRUE">capaccarga</attrlabl><attalias Sync="TRUE">capaccarga</attalias><attrtype Sync="TRUE">Double</attrtype><attwidth Sync="TRUE">19</attwidth><atprecis Sync="TRUE">0</atprecis><attscale Sync="TRUE">0</attscale></attr><attr><attrlabl Sync="TRUE">id_produto</attrlabl><attalias Sync="TRUE">id_produto</attalias><attrtype Sync="TRUE">Integer</attrtype><attwidth Sync="TRUE">10</attwidth><atprecis Sync="TRUE">10</atprecis><attscale Sync="TRUE">0</attscale></attr><attr><attrlabl Sync="TRUE">id_element</attrlabl><attalias Sync="TRUE">id_element</attalias><attrtype Sync="TRUE">Integer</attrtype><attwidth Sync="TRUE">10</attwidth><atprecis Sync="TRUE">10</atprecis><attscale Sync="TRUE">0</attscale></attr><attr><attrlabl Sync="TRUE">geometriaa</attrlabl><attalias Sync="TRUE">geometriaa</attalias><attrtype Sync="TRUE">String</attrtype><attwidth Sync="TRUE">4</attwidth><atprecis Sync="TRUE">0</atprecis><attscale Sync="TRUE">0</attscale></attr><attr><attrlabl Sync="TRUE">canteirodi</attrlabl><attalias Sync="TRUE">canteirodi</attalias><attrtype Sync="TRUE">String</attrtype><attwidth Sync="TRUE">4</attwidth><atprecis Sync="TRUE">0</atprecis><attscale Sync="TRUE">0</attscale></attr><attr><attrlabl Sync="TRUE">Shape_Leng</attrlabl><attalias Sync="TRUE">Shape_Leng</attalias><attrtype Sync="TRUE">Double</attrtype><attwidth Sync="TRUE">19</attwidth><atprecis Sync="TRUE">0</atprecis><attscale Sync="TRUE">0</attscale></attr></detailed></eainfo><mdDateSt Sync="TRUE">20180818</mdDateSt></metadata>
