<?xml version="1.0" encoding="UTF-8"?>
<metadata xml:lang="en"><Esri><CreaDate>20180430</CreaDate><CreaTime>20062300</CreaTime><ArcGISFormat>1.0</ArcGISFormat><SyncOnce>FALSE</SyncOnce><DataProperties><lineage><Process ToolSource="c:\program files (x86)\arcgis\desktop10.5\ArcToolbox\Toolboxes\Data Management Tools.tbx\CalculateField" Date="20180215" Time="153338">CalculateField "Poverty and NBI data\DEMO_NBI_Agua_Sanea_OP_Munic_IBGE_2010_BRA" F_ [MEAN_GIS_2] VB #</Process><Process ToolSource="c:\program files (x86)\arcgis\desktop10.5\ArcToolbox\Toolboxes\Data Management Tools.tbx\Merge" Date="20180215" Time="154519">Merge DEMO_NBI_Agua_Sanea_OP_Munic_IBGE_2010_BRA;DEMO_NBI_Agua_Sanea_AP_STPDGEEC_2012_PRY "C:\Users\Leo\Dropbox (GeoAdaptive)\2017_044_BID_Alto_Parana_MASTER\GIS\Analysis\Poverty_NBI\NBI_merge.shp" "OBJECTID "OBJECTID" true true false 10 Long 0 10 ,First,#,DEMO_NBI_Agua_Sanea_OP_Munic_IBGE_2010_BRA,OBJECTID,-1,-1;ID "ID" true true false 19 Double 0 0 ,First,#,DEMO_NBI_Agua_Sanea_OP_Munic_IBGE_2010_BRA,ID,-1,-1;CD_GEOCODM "CD_GEOCODM" true true false 20 Text 0 0 ,First,#,DEMO_NBI_Agua_Sanea_OP_Munic_IBGE_2010_BRA,CD_GEOCODM,-1,-1;NM_MUNICIP "NM_MUNICIP" true true false 60 Text 0 0 ,First,#,DEMO_NBI_Agua_Sanea_OP_Munic_IBGE_2010_BRA,NM_MUNICIP,-1,-1;Shape_Leng "Shape_Leng" true true false 19 Double 0 0 ,First,#,DEMO_NBI_Agua_Sanea_OP_Munic_IBGE_2010_BRA,Shape_Leng,-1,-1;Shape_Area "Shape_Area" true true false 19 Double 0 0 ,First,#,DEMO_NBI_Agua_Sanea_OP_Munic_IBGE_2010_BRA,Shape_Area,-1,-1;Region "Region" true true false 50 Text 0 0 ,First,#,DEMO_NBI_Agua_Sanea_OP_Munic_IBGE_2010_BRA,Region,-1,-1;CD_GEOCOD1 "CD_GEOCOD1" true true false 19 Double 0 0 ,First,#,DEMO_NBI_Agua_Sanea_OP_Munic_IBGE_2010_BRA,CD_GEOCOD1,-1,-1;FID_1 "FID_1" true true false 10 Long 0 10 ,First,#,DEMO_NBI_Agua_Sanea_OP_Munic_IBGE_2010_BRA,FID_1,-1,-1;Censo_OP_C "Censo_OP_C" true true false 20 Text 0 0 ,First,#,DEMO_NBI_Agua_Sanea_OP_Munic_IBGE_2010_BRA,Censo_OP_C,-1,-1;SUM_GIS__H "SUM_GIS__H" true true false 19 Double 0 0 ,First,#,DEMO_NBI_Agua_Sanea_OP_Munic_IBGE_2010_BRA,SUM_GIS__H,-1,-1;SUM_GIS__A "SUM_GIS__A" true true false 19 Double 0 0 ,First,#,DEMO_NBI_Agua_Sanea_OP_Munic_IBGE_2010_BRA,SUM_GIS__A,-1,-1;SUM_GIS__S "SUM_GIS__S" true true false 19 Double 0 0 ,First,#,DEMO_NBI_Agua_Sanea_OP_Munic_IBGE_2010_BRA,SUM_GIS__S,-1,-1;MEAN_GIS__ "MEAN_GIS__" true true false 19 Double 0 0 ,First,#,DEMO_NBI_Agua_Sanea_OP_Munic_IBGE_2010_BRA,MEAN_GIS__,-1,-1;SUM_GIS__1 "SUM_GIS__1" true true false 19 Double 0 0 ,First,#,DEMO_NBI_Agua_Sanea_OP_Munic_IBGE_2010_BRA,SUM_GIS__1,-1,-1;SUM_GIS__2 "SUM_GIS__2" true true false 19 Double 0 0 ,First,#,DEMO_NBI_Agua_Sanea_OP_Munic_IBGE_2010_BRA,SUM_GIS__2,-1,-1;MEAN_GIS_1 "MEAN_GIS_1" true true false 19 Double 0 0 ,First,#,DEMO_NBI_Agua_Sanea_OP_Munic_IBGE_2010_BRA,MEAN_GIS_1,-1,-1;SUM_GIS__N "SUM_GIS__N" true true false 19 Double 0 0 ,First,#,DEMO_NBI_Agua_Sanea_OP_Munic_IBGE_2010_BRA,SUM_GIS__N,-1,-1;MEAN_GIS_2 "MEAN_GIS_2" true true false 19 Double 0 0 ,First,#,DEMO_NBI_Agua_Sanea_OP_Munic_IBGE_2010_BRA,MEAN_GIS_2,-1,-1;F_ "F_" true true false 19 Double 0 0 ,First,#,DEMO_NBI_Agua_Sanea_OP_Munic_IBGE_2010_BRA,F_,-1,-1,DEMO_NBI_Agua_Sanea_AP_STPDGEEC_2012_PRY,F_,-1,-1;IDUSCO "IDUSCO" true true false 19 Double 0 0 ,First,#,DEMO_NBI_Agua_Sanea_AP_STPDGEEC_2012_PRY,IDUSCO,-1,-1;ACC "ACC" true true false 19 Double 0 0 ,First,#,DEMO_NBI_Agua_Sanea_AP_STPDGEEC_2012_PRY,ACC,-1,-1;NAM "NAM" true true false 100 Text 0 0 ,First,#,DEMO_NBI_Agua_Sanea_AP_STPDGEEC_2012_PRY,NAM,-1,-1;ZJM "ZJM" true true false 100 Text 0 0 ,First,#,DEMO_NBI_Agua_Sanea_AP_STPDGEEC_2012_PRY,ZJM,-1,-1;ZPP "ZPP" true true false 19 Double 0 0 ,First,#,DEMO_NBI_Agua_Sanea_AP_STPDGEEC_2012_PRY,ZPP,-1,-1;ACC_LBL "ACC_LBL" true true false 100 Text 0 0 ,First,#,DEMO_NBI_Agua_Sanea_AP_STPDGEEC_2012_PRY,ACC_LBL,-1,-1;ZPP_LBL "ZPP_LBL" true true false 100 Text 0 0 ,First,#,DEMO_NBI_Agua_Sanea_AP_STPDGEEC_2012_PRY,ZPP_LBL,-1,-1;OBS "OBS" true true false 50 Text 0 0 ,First,#,DEMO_NBI_Agua_Sanea_AP_STPDGEEC_2012_PRY,OBS,-1,-1;Department "Department" true true false 254 Text 0 0 ,First,#,DEMO_NBI_Agua_Sanea_AP_STPDGEEC_2012_PRY,Department,-1,-1;District_J "District_J" true true false 254 Text 0 0 ,First,#,DEMO_NBI_Agua_Sanea_AP_STPDGEEC_2012_PRY,District_J,-1,-1;District "District" true true false 254 Text 0 0 ,First,#,DEMO_NBI_Agua_Sanea_AP_STPDGEEC_2012_PRY,District,-1,-1;A65_69 "A65_69" true true false 19 Double 0 0 ,First,#,DEMO_NBI_Agua_Sanea_AP_STPDGEEC_2012_PRY,A65_69,-1,-1;Total_pop "Total_pop" true true false 10 Long 0 10 ,First,#,DEMO_NBI_Agua_Sanea_AP_STPDGEEC_2012_PRY,Total_pop,-1,-1;Total_de_h "Total_de_h" true true false 19 Double 0 0 ,First,#,DEMO_NBI_Agua_Sanea_AP_STPDGEEC_2012_PRY,Total_de_h,-1,-1;NBI_en_inf "NBI_en_inf" true true false 19 Double 0 0 ,First,#,DEMO_NBI_Agua_Sanea_AP_STPDGEEC_2012_PRY,NBI_en_inf,-1,-1"</Process><Process ToolSource="c:\program files (x86)\arcgis\desktop10.5\ArcToolbox\Toolboxes\Analysis Tools.tbx\Intersect" Date="20180215" Time="160153">Intersect "'C:\Users\Leo\Dropbox (GeoAdaptive)\2017_044_BID_Alto_Parana_MASTER\GIS\Analysis\Poverty_NBI\NBI_merge_2Q.shp' #;'C:\Users\Leo\Dropbox (GeoAdaptive)\2017_044_BID_Alto_Parana_MASTER\GIS\Analysis\Poverty_NBI\Poverty_merge_2Q.shp' #" "C:\Users\Leo\Dropbox (GeoAdaptive)\2017_044_BID_Alto_Parana_MASTER\GIS\Analysis\Poverty_NBI\POB_NBI_intersect.shp" ALL # INPUT</Process></lineage><itemProps><itemName Sync="TRUE">POB_NBI_intersect</itemName><imsContentType Sync="TRUE">002</imsContentType><itemSize Sync="TRUE">0.000</itemSize><itemLocation><linkage Sync="TRUE">file://\\RSDROUGHT\Users\Leo\Dropbox (GeoAdaptive)\2017_044_BID_Alto_Parana_MASTER\GIS\Analysis\Poverty_NBI\POB_NBI_intersect.shp</linkage><protocol Sync="TRUE">Local Area Network</protocol></itemLocation></itemProps><coordRef><type Sync="TRUE">Projected</type><geogcsn Sync="TRUE">GCS_WGS_1984</geogcsn><csUnits Sync="TRUE">Linear Unit: Meter (1.000000)</csUnits><projcsn Sync="TRUE">WGS_1984_UTM_Zone_21S</projcsn><peXml Sync="TRUE">&lt;ProjectedCoordinateSystem xsi:type='typens:ProjectedCoordinateSystem' xmlns:xsi='http://www.w3.org/2001/XMLSchema-instance' xmlns:xs='http://www.w3.org/2001/XMLSchema' xmlns:typens='http://www.esri.com/schemas/ArcGIS/10.5'&gt;&lt;WKT&gt;PROJCS[&amp;quot;WGS_1984_UTM_Zone_21S&amp;quot;,GEOGCS[&amp;quot;GCS_WGS_1984&amp;quot;,DATUM[&amp;quot;D_WGS_1984&amp;quot;,SPHEROID[&amp;quot;WGS_1984&amp;quot;,6378137.0,298.257223563]],PRIMEM[&amp;quot;Greenwich&amp;quot;,0.0],UNIT[&amp;quot;Degree&amp;quot;,0.0174532925199433]],PROJECTION[&amp;quot;Transverse_Mercator&amp;quot;],PARAMETER[&amp;quot;False_Easting&amp;quot;,500000.0],PARAMETER[&amp;quot;False_Northing&amp;quot;,10000000.0],PARAMETER[&amp;quot;Central_Meridian&amp;quot;,-57.0],PARAMETER[&amp;quot;Scale_Factor&amp;quot;,0.9996],PARAMETER[&amp;quot;Latitude_Of_Origin&amp;quot;,0.0],UNIT[&amp;quot;Meter&amp;quot;,1.0],AUTHORITY[&amp;quot;EPSG&amp;quot;,32721]]&lt;/WKT&gt;&lt;XOrigin&gt;-5120900&lt;/XOrigin&gt;&lt;YOrigin&gt;1900&lt;/YOrigin&gt;&lt;XYScale&gt;450445547.3910538&lt;/XYScale&gt;&lt;ZOrigin&gt;-100000&lt;/ZOrigin&gt;&lt;ZScale&gt;10000&lt;/ZScale&gt;&lt;MOrigin&gt;-100000&lt;/MOrigin&gt;&lt;MScale&gt;10000&lt;/MScale&gt;&lt;XYTolerance&gt;0.001&lt;/XYTolerance&gt;&lt;ZTolerance&gt;0.001&lt;/ZTolerance&gt;&lt;MTolerance&gt;0.001&lt;/MTolerance&gt;&lt;HighPrecision&gt;true&lt;/HighPrecision&gt;&lt;WKID&gt;32721&lt;/WKID&gt;&lt;LatestWKID&gt;32721&lt;/LatestWKID&gt;&lt;/ProjectedCoordinateSystem&gt;</peXml></coordRef></DataProperties><SyncDate>20180215</SyncDate><SyncTime>16015100</SyncTime><ModDate>20180215</ModDate><ModTime>16015100</ModTime></Esri><dataIdInfo><envirDesc Sync="TRUE"> Version 6.2 (Build 9200) ; Esri ArcGIS 10.5.1.7333</envirDesc><dataLang><languageCode value="eng" Sync="TRUE"></languageCode><countryCode value="USA" Sync="TRUE"></countryCode></dataLang><idCitation><resTitle Sync="TRUE">POB_NBI_intersect</resTitle><presForm><PresFormCd value="005" Sync="TRUE"></PresFormCd></presForm></idCitation><spatRpType><SpatRepTypCd value="001" Sync="TRUE"></SpatRepTypCd></spatRpType></dataIdInfo><mdLang><languageCode value="eng" Sync="TRUE"></languageCode><countryCode value="USA" Sync="TRUE"></countryCode></mdLang><mdChar><CharSetCd value="004" Sync="TRUE"></CharSetCd></mdChar><distInfo><distFormat><formatName Sync="TRUE">Shapefile</formatName></distFormat><distTranOps><transSize Sync="TRUE">0.000</transSize></distTranOps></distInfo><mdHrLv><ScopeCd value="005" Sync="TRUE"></ScopeCd></mdHrLv><mdHrLvName Sync="TRUE">dataset</mdHrLvName><refSysInfo><RefSystem><refSysID><identCode code="32721" Sync="TRUE"></identCode><idCodeSpace Sync="TRUE">EPSG</idCodeSpace><idVersion Sync="TRUE">2.1(3.0.1)</idVersion></refSysID></RefSystem></refSysInfo><spatRepInfo><VectSpatRep><geometObjs Name="POB_NBI_intersect"><geoObjTyp><GeoObjTypCd value="002" Sync="TRUE"></GeoObjTypCd></geoObjTyp><geoObjCnt Sync="TRUE">0</geoObjCnt></geometObjs><topLvl><TopoLevCd value="001" Sync="TRUE"></TopoLevCd></topLvl></VectSpatRep></spatRepInfo><spdoinfo><ptvctinf><esriterm Name="POB_NBI_intersect"><efeatyp Sync="TRUE">Simple</efeatyp><efeageom code="4" Sync="TRUE"></efeageom><esritopo Sync="TRUE">FALSE</esritopo><efeacnt Sync="TRUE">0</efeacnt><spindex Sync="TRUE">FALSE</spindex><linrefer Sync="TRUE">TRUE</linrefer></esriterm></ptvctinf></spdoinfo><eainfo><detailed Name="POB_NBI_intersect"><enttyp><enttypl Sync="TRUE">POB_NBI_intersect</enttypl><enttypt Sync="TRUE">Feature Class</enttypt><enttypc Sync="TRUE">0</enttypc></enttyp><attr><attrlabl Sync="TRUE">FID</attrlabl><attalias Sync="TRUE">FID</attalias><attrtype Sync="TRUE">OID</attrtype><attwidth Sync="TRUE">4</attwidth><atprecis Sync="TRUE">0</atprecis><attscale Sync="TRUE">0</attscale><attrdef Sync="TRUE">Internal feature number.</attrdef><attrdefs Sync="TRUE">Esri</attrdefs><attrdomv><udom Sync="TRUE">Sequential unique whole numbers that are automatically generated.</udom></attrdomv></attr><attr><attrlabl Sync="TRUE">Shape</attrlabl><attalias Sync="TRUE">Shape</attalias><attrtype Sync="TRUE">Geometry</attrtype><attwidth Sync="TRUE">0</attwidth><atprecis Sync="TRUE">0</atprecis><attscale Sync="TRUE">0</attscale><attrdef Sync="TRUE">Feature geometry.</attrdef><attrdefs Sync="TRUE">Esri</attrdefs><attrdomv><udom Sync="TRUE">Coordinates defining the features.</udom></attrdomv></attr><attr><attrlabl Sync="TRUE">FID_NBI_me</attrlabl><attalias Sync="TRUE">FID_NBI_me</attalias><attrtype Sync="TRUE">Integer</attrtype><attwidth Sync="TRUE">10</attwidth><atprecis Sync="TRUE">10</atprecis><attscale Sync="TRUE">0</attscale></attr><attr><attrlabl Sync="TRUE">OBJECTID</attrlabl><attalias Sync="TRUE">OBJECTID</attalias><attrtype Sync="TRUE">Integer</attrtype><attwidth Sync="TRUE">10</attwidth><atprecis Sync="TRUE">10</atprecis><attscale Sync="TRUE">0</attscale></attr><attr><attrlabl Sync="TRUE">ID</attrlabl><attalias Sync="TRUE">ID</attalias><attrtype Sync="TRUE">Double</attrtype><attwidth Sync="TRUE">19</attwidth><atprecis Sync="TRUE">0</atprecis><attscale Sync="TRUE">0</attscale></attr><attr><attrlabl Sync="TRUE">CD_GEOCODM</attrlabl><attalias Sync="TRUE">CD_GEOCODM</attalias><attrtype Sync="TRUE">String</attrtype><attwidth Sync="TRUE">20</attwidth><atprecis Sync="TRUE">0</atprecis><attscale Sync="TRUE">0</attscale></attr><attr><attrlabl Sync="TRUE">NM_MUNICIP</attrlabl><attalias Sync="TRUE">NM_MUNICIP</attalias><attrtype Sync="TRUE">String</attrtype><attwidth Sync="TRUE">60</attwidth><atprecis Sync="TRUE">0</atprecis><attscale Sync="TRUE">0</attscale></attr><attr><attrlabl Sync="TRUE">Shape_Leng</attrlabl><attalias Sync="TRUE">Shape_Leng</attalias><attrtype Sync="TRUE">Double</attrtype><attwidth Sync="TRUE">19</attwidth><atprecis Sync="TRUE">0</atprecis><attscale Sync="TRUE">0</attscale></attr><attr><attrlabl Sync="TRUE">Shape_Area</attrlabl><attalias Sync="TRUE">Shape_Area</attalias><attrtype Sync="TRUE">Double</attrtype><attwidth Sync="TRUE">19</attwidth><atprecis Sync="TRUE">0</atprecis><attscale Sync="TRUE">0</attscale><attrdef Sync="TRUE">Area of feature in internal units squared.</attrdef><attrdefs Sync="TRUE">Esri</attrdefs><attrdomv><udom Sync="TRUE">Positive real numbers that are automatically generated.</udom></attrdomv></attr><attr><attrlabl Sync="TRUE">Region</attrlabl><attalias Sync="TRUE">Region</attalias><attrtype Sync="TRUE">String</attrtype><attwidth Sync="TRUE">50</attwidth><atprecis Sync="TRUE">0</atprecis><attscale Sync="TRUE">0</attscale></attr><attr><attrlabl Sync="TRUE">CD_GEOCOD1</attrlabl><attalias Sync="TRUE">CD_GEOCOD1</attalias><attrtype Sync="TRUE">Double</attrtype><attwidth Sync="TRUE">19</attwidth><atprecis Sync="TRUE">0</atprecis><attscale Sync="TRUE">0</attscale></attr><attr><attrlabl Sync="TRUE">FID_1</attrlabl><attalias Sync="TRUE">FID_1</attalias><attrtype Sync="TRUE">Integer</attrtype><attwidth Sync="TRUE">10</attwidth><atprecis Sync="TRUE">10</atprecis><attscale Sync="TRUE">0</attscale></attr><attr><attrlabl Sync="TRUE">Censo_OP_C</attrlabl><attalias Sync="TRUE">Censo_OP_C</attalias><attrtype Sync="TRUE">String</attrtype><attwidth Sync="TRUE">20</attwidth><atprecis Sync="TRUE">0</atprecis><attscale Sync="TRUE">0</attscale></attr><attr><attrlabl Sync="TRUE">SUM_GIS__H</attrlabl><attalias Sync="TRUE">SUM_GIS__H</attalias><attrtype Sync="TRUE">Double</attrtype><attwidth Sync="TRUE">19</attwidth><atprecis Sync="TRUE">0</atprecis><attscale Sync="TRUE">0</attscale></attr><attr><attrlabl Sync="TRUE">SUM_GIS__A</attrlabl><attalias Sync="TRUE">SUM_GIS__A</attalias><attrtype Sync="TRUE">Double</attrtype><attwidth Sync="TRUE">19</attwidth><atprecis Sync="TRUE">0</atprecis><attscale Sync="TRUE">0</attscale></attr><attr><attrlabl Sync="TRUE">SUM_GIS__S</attrlabl><attalias Sync="TRUE">SUM_GIS__S</attalias><attrtype Sync="TRUE">Double</attrtype><attwidth Sync="TRUE">19</attwidth><atprecis Sync="TRUE">0</atprecis><attscale Sync="TRUE">0</attscale></attr><attr><attrlabl Sync="TRUE">MEAN_GIS__</attrlabl><attalias Sync="TRUE">MEAN_GIS__</attalias><attrtype Sync="TRUE">Double</attrtype><attwidth Sync="TRUE">19</attwidth><atprecis Sync="TRUE">0</atprecis><attscale Sync="TRUE">0</attscale></attr><attr><attrlabl Sync="TRUE">SUM_GIS__1</attrlabl><attalias Sync="TRUE">SUM_GIS__1</attalias><attrtype Sync="TRUE">Double</attrtype><attwidth Sync="TRUE">19</attwidth><atprecis Sync="TRUE">0</atprecis><attscale Sync="TRUE">0</attscale></attr><attr><attrlabl Sync="TRUE">SUM_GIS__2</attrlabl><attalias Sync="TRUE">SUM_GIS__2</attalias><attrtype Sync="TRUE">Double</attrtype><attwidth Sync="TRUE">19</attwidth><atprecis Sync="TRUE">0</atprecis><attscale Sync="TRUE">0</attscale></attr><attr><attrlabl Sync="TRUE">MEAN_GIS_1</attrlabl><attalias Sync="TRUE">MEAN_GIS_1</attalias><attrtype Sync="TRUE">Double</attrtype><attwidth Sync="TRUE">19</attwidth><atprecis Sync="TRUE">0</atprecis><attscale Sync="TRUE">0</attscale></attr><attr><attrlabl Sync="TRUE">SUM_GIS__N</attrlabl><attalias Sync="TRUE">SUM_GIS__N</attalias><attrtype Sync="TRUE">Double</attrtype><attwidth Sync="TRUE">19</attwidth><atprecis Sync="TRUE">0</atprecis><attscale Sync="TRUE">0</attscale></attr><attr><attrlabl Sync="TRUE">MEAN_GIS_2</attrlabl><attalias Sync="TRUE">MEAN_GIS_2</attalias><attrtype Sync="TRUE">Double</attrtype><attwidth Sync="TRUE">19</attwidth><atprecis Sync="TRUE">0</atprecis><attscale Sync="TRUE">0</attscale></attr><attr><attrlabl Sync="TRUE">F_</attrlabl><attalias Sync="TRUE">F_</attalias><attrtype Sync="TRUE">Double</attrtype><attwidth Sync="TRUE">19</attwidth><atprecis Sync="TRUE">0</atprecis><attscale Sync="TRUE">0</attscale></attr><attr><attrlabl Sync="TRUE">IDUSCO</attrlabl><attalias Sync="TRUE">IDUSCO</attalias><attrtype Sync="TRUE">Double</attrtype><attwidth Sync="TRUE">19</attwidth><atprecis Sync="TRUE">0</atprecis><attscale Sync="TRUE">0</attscale></attr><attr><attrlabl Sync="TRUE">ACC</attrlabl><attalias Sync="TRUE">ACC</attalias><attrtype Sync="TRUE">Double</attrtype><attwidth Sync="TRUE">19</attwidth><atprecis Sync="TRUE">0</atprecis><attscale Sync="TRUE">0</attscale></attr><attr><attrlabl Sync="TRUE">NAM</attrlabl><attalias Sync="TRUE">NAM</attalias><attrtype Sync="TRUE">String</attrtype><attwidth Sync="TRUE">100</attwidth><atprecis Sync="TRUE">0</atprecis><attscale Sync="TRUE">0</attscale></attr><attr><attrlabl Sync="TRUE">ZJM</attrlabl><attalias Sync="TRUE">ZJM</attalias><attrtype Sync="TRUE">String</attrtype><attwidth Sync="TRUE">100</attwidth><atprecis Sync="TRUE">0</atprecis><attscale Sync="TRUE">0</attscale></attr><attr><attrlabl Sync="TRUE">ZPP</attrlabl><attalias Sync="TRUE">ZPP</attalias><attrtype Sync="TRUE">Double</attrtype><attwidth Sync="TRUE">19</attwidth><atprecis Sync="TRUE">0</atprecis><attscale Sync="TRUE">0</attscale></attr><attr><attrlabl Sync="TRUE">ACC_LBL</attrlabl><attalias Sync="TRUE">ACC_LBL</attalias><attrtype Sync="TRUE">String</attrtype><attwidth Sync="TRUE">100</attwidth><atprecis Sync="TRUE">0</atprecis><attscale Sync="TRUE">0</attscale></attr><attr><attrlabl Sync="TRUE">ZPP_LBL</attrlabl><attalias Sync="TRUE">ZPP_LBL</attalias><attrtype Sync="TRUE">String</attrtype><attwidth Sync="TRUE">100</attwidth><atprecis Sync="TRUE">0</atprecis><attscale Sync="TRUE">0</attscale></attr><attr><attrlabl Sync="TRUE">OBS</attrlabl><attalias Sync="TRUE">OBS</attalias><attrtype Sync="TRUE">String</attrtype><attwidth Sync="TRUE">50</attwidth><atprecis Sync="TRUE">0</atprecis><attscale Sync="TRUE">0</attscale></attr><attr><attrlabl Sync="TRUE">Department</attrlabl><attalias Sync="TRUE">Department</attalias><attrtype Sync="TRUE">String</attrtype><attwidth Sync="TRUE">254</attwidth><atprecis Sync="TRUE">0</atprecis><attscale Sync="TRUE">0</attscale></attr><attr><attrlabl Sync="TRUE">District_J</attrlabl><attalias Sync="TRUE">District_J</attalias><attrtype Sync="TRUE">String</attrtype><attwidth Sync="TRUE">254</attwidth><atprecis Sync="TRUE">0</atprecis><attscale Sync="TRUE">0</attscale></attr><attr><attrlabl Sync="TRUE">District</attrlabl><attalias Sync="TRUE">District</attalias><attrtype Sync="TRUE">String</attrtype><attwidth Sync="TRUE">254</attwidth><atprecis Sync="TRUE">0</atprecis><attscale Sync="TRUE">0</attscale></attr><attr><attrlabl Sync="TRUE">A65_69</attrlabl><attalias Sync="TRUE">A65_69</attalias><attrtype Sync="TRUE">Double</attrtype><attwidth Sync="TRUE">19</attwidth><atprecis Sync="TRUE">0</atprecis><attscale Sync="TRUE">0</attscale></attr><attr><attrlabl Sync="TRUE">Total_pop</attrlabl><attalias Sync="TRUE">Total_pop</attalias><attrtype Sync="TRUE">Integer</attrtype><attwidth Sync="TRUE">10</attwidth><atprecis Sync="TRUE">10</atprecis><attscale Sync="TRUE">0</attscale></attr><attr><attrlabl Sync="TRUE">Total_de_h</attrlabl><attalias Sync="TRUE">Total_de_h</attalias><attrtype Sync="TRUE">Double</attrtype><attwidth Sync="TRUE">19</attwidth><atprecis Sync="TRUE">0</atprecis><attscale Sync="TRUE">0</attscale></attr><attr><attrlabl Sync="TRUE">NBI_en_inf</attrlabl><attalias Sync="TRUE">NBI_en_inf</attalias><attrtype Sync="TRUE">Double</attrtype><attwidth Sync="TRUE">19</attwidth><atprecis Sync="TRUE">0</atprecis><attscale Sync="TRUE">0</attscale></attr><attr><attrlabl Sync="TRUE">FID_Povert</attrlabl><attalias Sync="TRUE">FID_Povert</attalias><attrtype Sync="TRUE">Integer</attrtype><attwidth Sync="TRUE">10</attwidth><atprecis Sync="TRUE">10</atprecis><attscale Sync="TRUE">0</attscale></attr><attr><attrlabl Sync="TRUE">OBJECTID_1</attrlabl><attalias Sync="TRUE">OBJECTID_1</attalias><attrtype Sync="TRUE">Integer</attrtype><attwidth Sync="TRUE">10</attwidth><atprecis Sync="TRUE">10</atprecis><attscale Sync="TRUE">0</attscale></attr><attr><attrlabl Sync="TRUE">ID_1</attrlabl><attalias Sync="TRUE">ID_1</attalias><attrtype Sync="TRUE">Double</attrtype><attwidth Sync="TRUE">19</attwidth><atprecis Sync="TRUE">0</atprecis><attscale Sync="TRUE">0</attscale></attr><attr><attrlabl Sync="TRUE">A0_4</attrlabl><attalias Sync="TRUE">A0_4</attalias><attrtype Sync="TRUE">Double</attrtype><attwidth Sync="TRUE">19</attwidth><atprecis Sync="TRUE">0</atprecis><attscale Sync="TRUE">0</attscale></attr><attr><attrlabl Sync="TRUE">A5_9</attrlabl><attalias Sync="TRUE">A5_9</attalias><attrtype Sync="TRUE">Double</attrtype><attwidth Sync="TRUE">19</attwidth><atprecis Sync="TRUE">0</atprecis><attscale Sync="TRUE">0</attscale></attr><attr><attrlabl Sync="TRUE">A10_14</attrlabl><attalias Sync="TRUE">A10_14</attalias><attrtype Sync="TRUE">Double</attrtype><attwidth Sync="TRUE">19</attwidth><atprecis Sync="TRUE">0</atprecis><attscale Sync="TRUE">0</attscale></attr><attr><attrlabl Sync="TRUE">A15_19</attrlabl><attalias Sync="TRUE">A15_19</attalias><attrtype Sync="TRUE">Double</attrtype><attwidth Sync="TRUE">19</attwidth><atprecis Sync="TRUE">0</atprecis><attscale Sync="TRUE">0</attscale></attr><attr><attrlabl Sync="TRUE">A20_24</attrlabl><attalias Sync="TRUE">A20_24</attalias><attrtype Sync="TRUE">Double</attrtype><attwidth Sync="TRUE">19</attwidth><atprecis Sync="TRUE">0</atprecis><attscale Sync="TRUE">0</attscale></attr><attr><attrlabl Sync="TRUE">A25_29</attrlabl><attalias Sync="TRUE">A25_29</attalias><attrtype Sync="TRUE">Double</attrtype><attwidth Sync="TRUE">19</attwidth><atprecis Sync="TRUE">0</atprecis><attscale Sync="TRUE">0</attscale></attr><attr><attrlabl Sync="TRUE">A30_34</attrlabl><attalias Sync="TRUE">A30_34</attalias><attrtype Sync="TRUE">Double</attrtype><attwidth Sync="TRUE">19</attwidth><atprecis Sync="TRUE">0</atprecis><attscale Sync="TRUE">0</attscale></attr><attr><attrlabl Sync="TRUE">A35_39</attrlabl><attalias Sync="TRUE">A35_39</attalias><attrtype Sync="TRUE">Double</attrtype><attwidth Sync="TRUE">19</attwidth><atprecis Sync="TRUE">0</atprecis><attscale Sync="TRUE">0</attscale></attr><attr><attrlabl Sync="TRUE">A40_44</attrlabl><attalias Sync="TRUE">A40_44</attalias><attrtype Sync="TRUE">Double</attrtype><attwidth Sync="TRUE">19</attwidth><atprecis Sync="TRUE">0</atprecis><attscale Sync="TRUE">0</attscale></attr><attr><attrlabl Sync="TRUE">A45_49</attrlabl><attalias Sync="TRUE">A45_49</attalias><attrtype Sync="TRUE">Double</attrtype><attwidth Sync="TRUE">19</attwidth><atprecis Sync="TRUE">0</atprecis><attscale Sync="TRUE">0</attscale></attr><attr><attrlabl Sync="TRUE">A50_54</attrlabl><attalias Sync="TRUE">A50_54</attalias><attrtype Sync="TRUE">Double</attrtype><attwidth Sync="TRUE">19</attwidth><atprecis Sync="TRUE">0</atprecis><attscale Sync="TRUE">0</attscale></attr><attr><attrlabl Sync="TRUE">A55_59</attrlabl><attalias Sync="TRUE">A55_59</attalias><attrtype Sync="TRUE">Double</attrtype><attwidth Sync="TRUE">19</attwidth><atprecis Sync="TRUE">0</atprecis><attscale Sync="TRUE">0</attscale></attr><attr><attrlabl Sync="TRUE">A60_64</attrlabl><attalias Sync="TRUE">A60_64</attalias><attrtype Sync="TRUE">Double</attrtype><attwidth Sync="TRUE">19</attwidth><atprecis Sync="TRUE">0</atprecis><attscale Sync="TRUE">0</attscale></attr><attr><attrlabl Sync="TRUE">A65_69_70</attrlabl><attalias Sync="TRUE">A65_69_70</attalias><attrtype Sync="TRUE">Double</attrtype><attwidth Sync="TRUE">19</attwidth><atprecis Sync="TRUE">0</atprecis><attscale Sync="TRUE">0</attscale></attr><attr><attrlabl Sync="TRUE">A70_74</attrlabl><attalias Sync="TRUE">A70_74</attalias><attrtype Sync="TRUE">Double</attrtype><attwidth Sync="TRUE">19</attwidth><atprecis Sync="TRUE">0</atprecis><attscale Sync="TRUE">0</attscale></attr><attr><attrlabl Sync="TRUE">A75_79</attrlabl><attalias Sync="TRUE">A75_79</attalias><attrtype Sync="TRUE">Double</attrtype><attwidth Sync="TRUE">19</attwidth><atprecis Sync="TRUE">0</atprecis><attscale Sync="TRUE">0</attscale></attr><attr><attrlabl Sync="TRUE">A80_</attrlabl><attalias Sync="TRUE">A80_</attalias><attrtype Sync="TRUE">Double</attrtype><attwidth Sync="TRUE">19</attwidth><atprecis Sync="TRUE">0</atprecis><attscale Sync="TRUE">0</attscale></attr><attr><attrlabl Sync="TRUE">TOTAL_PO_1</attrlabl><attalias Sync="TRUE">TOTAL_PO_1</attalias><attrtype Sync="TRUE">Double</attrtype><attwidth Sync="TRUE">19</attwidth><atprecis Sync="TRUE">0</atprecis><attscale Sync="TRUE">0</attscale></attr><attr><attrlabl Sync="TRUE">Area_km2</attrlabl><attalias Sync="TRUE">Area_km2</attalias><attrtype Sync="TRUE">Double</attrtype><attwidth Sync="TRUE">19</attwidth><atprecis Sync="TRUE">0</atprecis><attscale Sync="TRUE">0</attscale></attr><attr><attrlabl Sync="TRUE">A15_64</attrlabl><attalias Sync="TRUE">A15_64</attalias><attrtype Sync="TRUE">Double</attrtype><attwidth Sync="TRUE">19</attwidth><atprecis Sync="TRUE">0</atprecis><attscale Sync="TRUE">0</attscale></attr><attr><attrlabl Sync="TRUE">Density_km</attrlabl><attalias Sync="TRUE">Density_km</attalias><attrtype Sync="TRUE">Double</attrtype><attwidth Sync="TRUE">19</attwidth><atprecis Sync="TRUE">0</atprecis><attscale Sync="TRUE">0</attscale></attr><attr><attrlabl Sync="TRUE">MUN_DIST</attrlabl><attalias Sync="TRUE">MUN_DIST</attalias><attrtype Sync="TRUE">String</attrtype><attwidth Sync="TRUE">50</attwidth><atprecis Sync="TRUE">0</atprecis><attscale Sync="TRUE">0</attscale></attr><attr><attrlabl Sync="TRUE">CODIGO</attrlabl><attalias Sync="TRUE">CODIGO</attalias><attrtype Sync="TRUE">String</attrtype><attwidth Sync="TRUE">50</attwidth><atprecis Sync="TRUE">0</atprecis><attscale Sync="TRUE">0</attscale></attr><attr><attrlabl Sync="TRUE">REGIAO</attrlabl><attalias Sync="TRUE">REGIAO</attalias><attrtype Sync="TRUE">String</attrtype><attwidth Sync="TRUE">50</attwidth><atprecis Sync="TRUE">0</atprecis><attscale Sync="TRUE">0</attscale></attr><attr><attrlabl Sync="TRUE">area</attrlabl><attalias Sync="TRUE">area</attalias><attrtype Sync="TRUE">Integer</attrtype><attwidth Sync="TRUE">10</attwidth><atprecis Sync="TRUE">10</atprecis><attscale Sync="TRUE">0</attscale></attr><attr><attrlabl Sync="TRUE">MUN</attrlabl><attalias Sync="TRUE">MUN</attalias><attrtype Sync="TRUE">String</attrtype><attwidth Sync="TRUE">254</attwidth><atprecis Sync="TRUE">0</atprecis><attscale Sync="TRUE">0</attscale></attr><attr><attrlabl Sync="TRUE">HOG</attrlabl><attalias Sync="TRUE">HOG</attalias><attrtype Sync="TRUE">Double</attrtype><attwidth Sync="TRUE">19</attwidth><atprecis Sync="TRUE">0</atprecis><attscale Sync="TRUE">0</attscale></attr><attr><attrlabl Sync="TRUE">SAL_1_4</attrlabl><attalias Sync="TRUE">SAL_1_4</attalias><attrtype Sync="TRUE">Double</attrtype><attwidth Sync="TRUE">19</attwidth><atprecis Sync="TRUE">0</atprecis><attscale Sync="TRUE">0</attscale></attr><attr><attrlabl Sync="TRUE">SAL_1_4_1_</attrlabl><attalias Sync="TRUE">SAL_1_4_1_</attalias><attrtype Sync="TRUE">Double</attrtype><attwidth Sync="TRUE">19</attwidth><atprecis Sync="TRUE">0</atprecis><attscale Sync="TRUE">0</attscale></attr><attr><attrlabl Sync="TRUE">SAL_1_2_1</attrlabl><attalias Sync="TRUE">SAL_1_2_1</attalias><attrtype Sync="TRUE">Double</attrtype><attwidth Sync="TRUE">19</attwidth><atprecis Sync="TRUE">0</atprecis><attscale Sync="TRUE">0</attscale></attr><attr><attrlabl Sync="TRUE">SAL_1_2</attrlabl><attalias Sync="TRUE">SAL_1_2</attalias><attrtype Sync="TRUE">Double</attrtype><attwidth Sync="TRUE">19</attwidth><atprecis Sync="TRUE">0</atprecis><attscale Sync="TRUE">0</attscale></attr><attr><attrlabl Sync="TRUE">SAL_2_3</attrlabl><attalias Sync="TRUE">SAL_2_3</attalias><attrtype Sync="TRUE">String</attrtype><attwidth Sync="TRUE">254</attwidth><atprecis Sync="TRUE">0</atprecis><attscale Sync="TRUE">0</attscale></attr><attr><attrlabl Sync="TRUE">SAL_3_5</attrlabl><attalias Sync="TRUE">SAL_3_5</attalias><attrtype Sync="TRUE">String</attrtype><attwidth Sync="TRUE">254</attwidth><atprecis Sync="TRUE">0</atprecis><attscale Sync="TRUE">0</attscale></attr><attr><attrlabl Sync="TRUE">SAL_5</attrlabl><attalias Sync="TRUE">SAL_5</attalias><attrtype Sync="TRUE">String</attrtype><attwidth Sync="TRUE">254</attwidth><atprecis Sync="TRUE">0</atprecis><attscale Sync="TRUE">0</attscale></attr><attr><attrlabl Sync="TRUE">NO_SAL</attrlabl><attalias Sync="TRUE">NO_SAL</attalias><attrtype Sync="TRUE">Double</attrtype><attwidth Sync="TRUE">19</attwidth><atprecis Sync="TRUE">0</atprecis><attscale Sync="TRUE">0</attscale></attr><attr><attrlabl Sync="TRUE">HOG_POB</attrlabl><attalias Sync="TRUE">HOG_POB</attalias><attrtype Sync="TRUE">Double</attrtype><attwidth Sync="TRUE">19</attwidth><atprecis Sync="TRUE">0</atprecis><attscale Sync="TRUE">0</attscale></attr><attr><attrlabl Sync="TRUE">TASA_POB</attrlabl><attalias Sync="TRUE">TASA_POB</attalias><attrtype Sync="TRUE">Double</attrtype><attwidth Sync="TRUE">19</attwidth><atprecis Sync="TRUE">0</atprecis><attscale Sync="TRUE">0</attscale></attr><attr><attrlabl Sync="TRUE">CODIGO_1</attrlabl><attalias Sync="TRUE">CODIGO_1</attalias><attrtype Sync="TRUE">Double</attrtype><attwidth Sync="TRUE">19</attwidth><atprecis Sync="TRUE">0</atprecis><attscale Sync="TRUE">0</attscale></attr><attr><attrlabl Sync="TRUE">CODIGO_STR</attrlabl><attalias Sync="TRUE">CODIGO_STR</attalias><attrtype Sync="TRUE">String</attrtype><attwidth Sync="TRUE">254</attwidth><atprecis Sync="TRUE">0</atprecis><attscale Sync="TRUE">0</attscale></attr><attr><attrlabl Sync="TRUE">FIRST_g_di</attrlabl><attalias Sync="TRUE">FIRST_g_di</attalias><attrtype Sync="TRUE">String</attrtype><attwidth Sync="TRUE">80</attwidth><atprecis Sync="TRUE">0</atprecis><attscale Sync="TRUE">0</attscale></attr><attr><attrlabl Sync="TRUE">SUM_cant_v</attrlabl><attalias Sync="TRUE">SUM_cant_v</attalias><attrtype Sync="TRUE">Double</attrtype><attwidth Sync="TRUE">19</attwidth><atprecis Sync="TRUE">0</atprecis><attscale Sync="TRUE">0</attscale></attr><attr><attrlabl Sync="TRUE">SUM_superf</attrlabl><attalias Sync="TRUE">SUM_superf</attalias><attrtype Sync="TRUE">Double</attrtype><attwidth Sync="TRUE">19</attwidth><atprecis Sync="TRUE">0</atprecis><attscale Sync="TRUE">0</attscale></attr><attr><attrlabl Sync="TRUE">SUM_hogare</attrlabl><attalias Sync="TRUE">SUM_hogare</attalias><attrtype Sync="TRUE">Double</attrtype><attwidth Sync="TRUE">19</attwidth><atprecis Sync="TRUE">0</atprecis><attscale Sync="TRUE">0</attscale></attr><attr><attrlabl Sync="TRUE">SUM_hoga_1</attrlabl><attalias Sync="TRUE">SUM_hoga_1</attalias><attrtype Sync="TRUE">Double</attrtype><attwidth Sync="TRUE">19</attwidth><atprecis Sync="TRUE">0</atprecis><attscale Sync="TRUE">0</attscale></attr><attr><attrlabl Sync="TRUE">MEAN_nivel</attrlabl><attalias Sync="TRUE">MEAN_nivel</attalias><attrtype Sync="TRUE">Double</attrtype><attwidth Sync="TRUE">19</attwidth><atprecis Sync="TRUE">0</atprecis><attscale Sync="TRUE">0</attscale></attr></detailed></eainfo><mdDateSt Sync="TRUE">20180215</mdDateSt></metadata>
