<?xml version="1.0" encoding="UTF-8"?>
<metadata xml:lang="en"><Esri><CreaDate>20180814</CreaDate><CreaTime>15061600</CreaTime><ArcGISFormat>1.0</ArcGISFormat><SyncOnce>FALSE</SyncOnce><DataProperties><itemProps><itemName Sync="TRUE">INFR_Centros_Salud_AP_OP_Merged</itemName><imsContentType Sync="TRUE">002</imsContentType><itemSize Sync="TRUE">0.000</itemSize><itemLocation><linkage Sync="TRUE">file://\\CONCHAGUA\E$\Dropbox (GeoAdaptive)\2017_044_BID_Alto_Parana_MASTER\GIS\Derived\INFR\INFR_Centros_Salud_AP_OP_Merged.shp</linkage><protocol Sync="TRUE">Local Area Network</protocol></itemLocation></itemProps><coordRef><type Sync="TRUE">Projected</type><geogcsn Sync="TRUE">GCS_WGS_1984</geogcsn><csUnits Sync="TRUE">Linear Unit: Meter (1.000000)</csUnits><projcsn Sync="TRUE">WGS_1984_UTM_Zone_21S</projcsn><peXml Sync="TRUE">&lt;ProjectedCoordinateSystem xsi:type='typens:ProjectedCoordinateSystem' xmlns:xsi='http://www.w3.org/2001/XMLSchema-instance' xmlns:xs='http://www.w3.org/2001/XMLSchema' xmlns:typens='http://www.esri.com/schemas/ArcGIS/10.5'&gt;&lt;WKT&gt;PROJCS[&amp;quot;WGS_1984_UTM_Zone_21S&amp;quot;,GEOGCS[&amp;quot;GCS_WGS_1984&amp;quot;,DATUM[&amp;quot;D_WGS_1984&amp;quot;,SPHEROID[&amp;quot;WGS_1984&amp;quot;,6378137.0,298.257223563]],PRIMEM[&amp;quot;Greenwich&amp;quot;,0.0],UNIT[&amp;quot;Degree&amp;quot;,0.0174532925199433]],PROJECTION[&amp;quot;Transverse_Mercator&amp;quot;],PARAMETER[&amp;quot;False_Easting&amp;quot;,500000.0],PARAMETER[&amp;quot;False_Northing&amp;quot;,10000000.0],PARAMETER[&amp;quot;Central_Meridian&amp;quot;,-57.0],PARAMETER[&amp;quot;Scale_Factor&amp;quot;,0.9996],PARAMETER[&amp;quot;Latitude_Of_Origin&amp;quot;,0.0],UNIT[&amp;quot;Meter&amp;quot;,1.0],AUTHORITY[&amp;quot;EPSG&amp;quot;,32721]]&lt;/WKT&gt;&lt;XOrigin&gt;-5120900&lt;/XOrigin&gt;&lt;YOrigin&gt;1900&lt;/YOrigin&gt;&lt;XYScale&gt;450445547.3910538&lt;/XYScale&gt;&lt;ZOrigin&gt;-100000&lt;/ZOrigin&gt;&lt;ZScale&gt;10000&lt;/ZScale&gt;&lt;MOrigin&gt;-100000&lt;/MOrigin&gt;&lt;MScale&gt;10000&lt;/MScale&gt;&lt;XYTolerance&gt;0.001&lt;/XYTolerance&gt;&lt;ZTolerance&gt;0.001&lt;/ZTolerance&gt;&lt;MTolerance&gt;0.001&lt;/MTolerance&gt;&lt;HighPrecision&gt;true&lt;/HighPrecision&gt;&lt;WKID&gt;32721&lt;/WKID&gt;&lt;LatestWKID&gt;32721&lt;/LatestWKID&gt;&lt;/ProjectedCoordinateSystem&gt;</peXml></coordRef><lineage><Process Name="Merge" ToolSource="c:\program files (x86)\arcgis\desktop10.5\ArcToolbox\Toolboxes\Data Management Tools.tbx\Merge" Date="20180209" Time="162503">Merge Health\INFR_Centros_Salud_OP_MS_BRA;Health\INFR_Centros_Salud_AP_MSPBS_PRY "E:\Dropbox (GeoAdaptive)\2017_044_BID_Alto_Parana_MASTER\GIS\Derived\INFR\INFR_Centros_Salud_AP_OP_Merged.shp" "CO_CNES0 "CO_CNES0" true true false 254 Text 0 0 ,First,#,Health\INFR_Centros_Salud_OP_MS_BRA,CO_CNES0,-1,-1;CO_IBGE1 "CO_IBGE1" true true false 254 Text 0 0 ,First,#,Health\INFR_Centros_Salud_OP_MS_BRA,CO_IBGE1,-1,-1;ORIGEM_D2 "ORIGEM_D2" true true false 254 Text 0 0 ,First,#,Health\INFR_Centros_Salud_OP_MS_BRA,ORIGEM_D2,-1,-1;DATA_ATU3 "DATA_ATU3" true true false 254 Text 0 0 ,First,#,Health\INFR_Centros_Salud_OP_MS_BRA,DATA_ATU3,-1,-1;LAT4 "LAT4" true true false 254 Text 0 0 ,First,#,Health\INFR_Centros_Salud_OP_MS_BRA,LAT4,-1,-1;LONG5 "LONG5" true true false 254 Text 0 0 ,First,#,Health\INFR_Centros_Salud_OP_MS_BRA,LONG5,-1,-1;OID_ "OID_" true true false 10 Long 0 10 ,First,#,Health\INFR_Centros_Salud_AP_MSPBS_PRY,OID_,-1,-1;Name "Name" true true false 254 Text 0 0 ,First,#,Health\INFR_Centros_Salud_AP_MSPBS_PRY,Name,-1,-1;FolderPath "FolderPath" true true false 254 Text 0 0 ,First,#,Health\INFR_Centros_Salud_AP_MSPBS_PRY,FolderPath,-1,-1;SymbolID "SymbolID" true true false 10 Long 0 10 ,First,#,Health\INFR_Centros_Salud_AP_MSPBS_PRY,SymbolID,-1,-1;AltMode "AltMode" true true false 10 Long 0 10 ,First,#,Health\INFR_Centros_Salud_AP_MSPBS_PRY,AltMode,-1,-1;Base "Base" true true false 19 Double 0 0 ,First,#,Health\INFR_Centros_Salud_AP_MSPBS_PRY,Base,-1,-1;Snippet "Snippet" true true false 254 Text 0 0 ,First,#,Health\INFR_Centros_Salud_AP_MSPBS_PRY,Snippet,-1,-1;PopupInfo "PopupInfo" true true false 254 Text 0 0 ,First,#,Health\INFR_Centros_Salud_AP_MSPBS_PRY,PopupInfo,-1,-1;HasLabel "HasLabel" true true false 10 Long 0 10 ,First,#,Health\INFR_Centros_Salud_AP_MSPBS_PRY,HasLabel,-1,-1;LabelID "LabelID" true true false 10 Long 0 10 ,First,#,Health\INFR_Centros_Salud_AP_MSPBS_PRY,LabelID,-1,-1;nombre "nombre" true true false 254 Text 0 0 ,First,#,Health\INFR_Centros_Salud_AP_MSPBS_PRY,nombre,-1,-1;tipo "tipo" true true false 254 Text 0 0 ,First,#,Health\INFR_Centros_Salud_AP_MSPBS_PRY,tipo,-1,-1;direccion "direccion" true true false 254 Text 0 0 ,First,#,Health\INFR_Centros_Salud_AP_MSPBS_PRY,direccion,-1,-1;telefono "telefono" true true false 254 Text 0 0 ,First,#,Health\INFR_Centros_Salud_AP_MSPBS_PRY,telefono,-1,-1;responsabl "responsabl" true true false 254 Text 0 0 ,First,#,Health\INFR_Centros_Salud_AP_MSPBS_PRY,responsabl,-1,-1;dependeDe "dependeDe" true true false 254 Text 0 0 ,First,#,Health\INFR_Centros_Salud_AP_MSPBS_PRY,dependeDe,-1,-1;estado "estado" true true false 254 Text 0 0 ,First,#,Health\INFR_Centros_Salud_AP_MSPBS_PRY,estado,-1,-1;latitud "latitud" true true false 19 Double 0 0 ,First,#,Health\INFR_Centros_Salud_AP_MSPBS_PRY,latitud,-1,-1;longitud "longitud" true true false 19 Double 0 0 ,First,#,Health\INFR_Centros_Salud_AP_MSPBS_PRY,longitud,-1,-1;codigo "codigo" true true false 10 Long 0 10 ,First,#,Health\INFR_Centros_Salud_AP_MSPBS_PRY,codigo,-1,-1;nombreMuni "nombreMuni" true true false 254 Text 0 0 ,First,#,Health\INFR_Centros_Salud_AP_MSPBS_PRY,nombreMuni,-1,-1;codigoMuni "codigoMuni" true true false 10 Long 0 10 ,First,#,Health\INFR_Centros_Salud_AP_MSPBS_PRY,codigoMuni,-1,-1;internet "internet" true true false 254 Text 0 0 ,First,#,Health\INFR_Centros_Salud_AP_MSPBS_PRY,internet,-1,-1;codigoSaa "codigoSaa" true true false 10 Long 0 10 ,First,#,Health\INFR_Centros_Salud_AP_MSPBS_PRY,codigoSaa,-1,-1;fechaActiv "fechaActiv" true true false 19 Double 0 0 ,First,#,Health\INFR_Centros_Salud_AP_MSPBS_PRY,fechaActiv,-1,-1;fechaInact "fechaInact" true true false 254 Text 0 0 ,First,#,Health\INFR_Centros_Salud_AP_MSPBS_PRY,fechaInact,-1,-1;nombreDist "nombreDist" true true false 254 Text 0 0 ,First,#,Health\INFR_Centros_Salud_AP_MSPBS_PRY,nombreDist,-1,-1;codigoDist "codigoDist" true true false 10 Long 0 10 ,First,#,Health\INFR_Centros_Salud_AP_MSPBS_PRY,codigoDist,-1,-1;nombreRegi "nombreRegi" true true false 254 Text 0 0 ,First,#,Health\INFR_Centros_Salud_AP_MSPBS_PRY,nombreRegi,-1,-1;codigoRegi "codigoRegi" true true false 10 Long 0 10 ,First,#,Health\INFR_Centros_Salud_AP_MSPBS_PRY,codigoRegi,-1,-1;nombreDi_1 "nombreDi_1" true true false 254 Text 0 0 ,First,#,Health\INFR_Centros_Salud_AP_MSPBS_PRY,nombreDi_1,-1,-1;id "id" true true false 10 Long 0 10 ,First,#,Health\INFR_Centros_Salud_AP_MSPBS_PRY,id,-1,-1"</Process></lineage></DataProperties><SyncDate>20180209</SyncDate><SyncTime>16245900</SyncTime><ModDate>20180209</ModDate><ModTime>16245900</ModTime></Esri><dataIdInfo><envirDesc Sync="TRUE"> Version 6.2 (Build 9200) ; Esri ArcGIS 10.5.1.7333</envirDesc><dataLang><languageCode value="eng" Sync="TRUE"></languageCode><countryCode value="USA" Sync="TRUE"></countryCode></dataLang><idCitation><resTitle Sync="TRUE">INFR_Centros_Salud_AP_OP_Merged</resTitle><presForm><PresFormCd value="005" Sync="TRUE"></PresFormCd></presForm></idCitation><spatRpType><SpatRepTypCd value="001" Sync="TRUE"></SpatRepTypCd></spatRpType></dataIdInfo><mdLang><languageCode value="eng" Sync="TRUE"></languageCode><countryCode value="USA" Sync="TRUE"></countryCode></mdLang><mdChar><CharSetCd value="004" Sync="TRUE"></CharSetCd></mdChar><distInfo><distFormat><formatName Sync="TRUE">Shapefile</formatName></distFormat><distTranOps><transSize Sync="TRUE">0.000</transSize></distTranOps></distInfo><mdHrLv><ScopeCd value="005" Sync="TRUE"></ScopeCd></mdHrLv><mdHrLvName Sync="TRUE">dataset</mdHrLvName><refSysInfo><RefSystem><refSysID><identCode code="32721" Sync="TRUE"></identCode><idCodeSpace Sync="TRUE">EPSG</idCodeSpace><idVersion Sync="TRUE">2.1(3.0.1)</idVersion></refSysID></RefSystem></refSysInfo><spatRepInfo><VectSpatRep><geometObjs Name="INFR_Centros_Salud_AP_OP_Merged"><geoObjTyp><GeoObjTypCd value="004" Sync="TRUE"></GeoObjTypCd></geoObjTyp><geoObjCnt Sync="TRUE">0</geoObjCnt></geometObjs><topLvl><TopoLevCd value="001" Sync="TRUE"></TopoLevCd></topLvl></VectSpatRep></spatRepInfo><spdoinfo><ptvctinf><esriterm Name="INFR_Centros_Salud_AP_OP_Merged"><efeatyp Sync="TRUE">Simple</efeatyp><efeageom code="1" Sync="TRUE"></efeageom><esritopo Sync="TRUE">FALSE</esritopo><efeacnt Sync="TRUE">0</efeacnt><spindex Sync="TRUE">FALSE</spindex><linrefer Sync="TRUE">TRUE</linrefer></esriterm></ptvctinf></spdoinfo><eainfo><detailed Name="INFR_Centros_Salud_AP_OP_Merged"><enttyp><enttypl Sync="TRUE">INFR_Centros_Salud_AP_OP_Merged</enttypl><enttypt Sync="TRUE">Feature Class</enttypt><enttypc Sync="TRUE">0</enttypc></enttyp><attr><attrlabl Sync="TRUE">FID</attrlabl><attalias Sync="TRUE">FID</attalias><attrtype Sync="TRUE">OID</attrtype><attwidth Sync="TRUE">4</attwidth><atprecis Sync="TRUE">0</atprecis><attscale Sync="TRUE">0</attscale><attrdef Sync="TRUE">Internal feature number.</attrdef><attrdefs Sync="TRUE">Esri</attrdefs><attrdomv><udom Sync="TRUE">Sequential unique whole numbers that are automatically generated.</udom></attrdomv></attr><attr><attrlabl Sync="TRUE">Shape</attrlabl><attalias Sync="TRUE">Shape</attalias><attrtype Sync="TRUE">Geometry</attrtype><attwidth Sync="TRUE">0</attwidth><atprecis Sync="TRUE">0</atprecis><attscale Sync="TRUE">0</attscale><attrdef Sync="TRUE">Feature geometry.</attrdef><attrdefs Sync="TRUE">Esri</attrdefs><attrdomv><udom Sync="TRUE">Coordinates defining the features.</udom></attrdomv></attr><attr><attrlabl Sync="TRUE">CO_CNES0</attrlabl><attalias Sync="TRUE">CO_CNES0</attalias><attrtype Sync="TRUE">String</attrtype><attwidth Sync="TRUE">254</attwidth><atprecis Sync="TRUE">0</atprecis><attscale Sync="TRUE">0</attscale></attr><attr><attrlabl Sync="TRUE">CO_IBGE1</attrlabl><attalias Sync="TRUE">CO_IBGE1</attalias><attrtype Sync="TRUE">String</attrtype><attwidth Sync="TRUE">254</attwidth><atprecis Sync="TRUE">0</atprecis><attscale Sync="TRUE">0</attscale></attr><attr><attrlabl Sync="TRUE">ORIGEM_D2</attrlabl><attalias Sync="TRUE">ORIGEM_D2</attalias><attrtype Sync="TRUE">String</attrtype><attwidth Sync="TRUE">254</attwidth><atprecis Sync="TRUE">0</atprecis><attscale Sync="TRUE">0</attscale></attr><attr><attrlabl Sync="TRUE">DATA_ATU3</attrlabl><attalias Sync="TRUE">DATA_ATU3</attalias><attrtype Sync="TRUE">String</attrtype><attwidth Sync="TRUE">254</attwidth><atprecis Sync="TRUE">0</atprecis><attscale Sync="TRUE">0</attscale></attr><attr><attrlabl Sync="TRUE">LAT4</attrlabl><attalias Sync="TRUE">LAT4</attalias><attrtype Sync="TRUE">String</attrtype><attwidth Sync="TRUE">254</attwidth><atprecis Sync="TRUE">0</atprecis><attscale Sync="TRUE">0</attscale></attr><attr><attrlabl Sync="TRUE">LONG5</attrlabl><attalias Sync="TRUE">LONG5</attalias><attrtype Sync="TRUE">String</attrtype><attwidth Sync="TRUE">254</attwidth><atprecis Sync="TRUE">0</atprecis><attscale Sync="TRUE">0</attscale></attr><attr><attrlabl Sync="TRUE">OID_</attrlabl><attalias Sync="TRUE">OID_</attalias><attrtype Sync="TRUE">Integer</attrtype><attwidth Sync="TRUE">10</attwidth><atprecis Sync="TRUE">10</atprecis><attscale Sync="TRUE">0</attscale></attr><attr><attrlabl Sync="TRUE">Name</attrlabl><attalias Sync="TRUE">Name</attalias><attrtype Sync="TRUE">String</attrtype><attwidth Sync="TRUE">254</attwidth><atprecis Sync="TRUE">0</atprecis><attscale Sync="TRUE">0</attscale></attr><attr><attrlabl Sync="TRUE">FolderPath</attrlabl><attalias Sync="TRUE">FolderPath</attalias><attrtype Sync="TRUE">String</attrtype><attwidth Sync="TRUE">254</attwidth><atprecis Sync="TRUE">0</atprecis><attscale Sync="TRUE">0</attscale></attr><attr><attrlabl Sync="TRUE">SymbolID</attrlabl><attalias Sync="TRUE">SymbolID</attalias><attrtype Sync="TRUE">Integer</attrtype><attwidth Sync="TRUE">10</attwidth><atprecis Sync="TRUE">10</atprecis><attscale Sync="TRUE">0</attscale></attr><attr><attrlabl Sync="TRUE">AltMode</attrlabl><attalias Sync="TRUE">AltMode</attalias><attrtype Sync="TRUE">Integer</attrtype><attwidth Sync="TRUE">10</attwidth><atprecis Sync="TRUE">10</atprecis><attscale Sync="TRUE">0</attscale></attr><attr><attrlabl Sync="TRUE">Base</attrlabl><attalias Sync="TRUE">Base</attalias><attrtype Sync="TRUE">Double</attrtype><attwidth Sync="TRUE">19</attwidth><atprecis Sync="TRUE">0</atprecis><attscale Sync="TRUE">0</attscale></attr><attr><attrlabl Sync="TRUE">Snippet</attrlabl><attalias Sync="TRUE">Snippet</attalias><attrtype Sync="TRUE">String</attrtype><attwidth Sync="TRUE">254</attwidth><atprecis Sync="TRUE">0</atprecis><attscale Sync="TRUE">0</attscale></attr><attr><attrlabl Sync="TRUE">PopupInfo</attrlabl><attalias Sync="TRUE">PopupInfo</attalias><attrtype Sync="TRUE">String</attrtype><attwidth Sync="TRUE">254</attwidth><atprecis Sync="TRUE">0</atprecis><attscale Sync="TRUE">0</attscale></attr><attr><attrlabl Sync="TRUE">HasLabel</attrlabl><attalias Sync="TRUE">HasLabel</attalias><attrtype Sync="TRUE">Integer</attrtype><attwidth Sync="TRUE">10</attwidth><atprecis Sync="TRUE">10</atprecis><attscale Sync="TRUE">0</attscale></attr><attr><attrlabl Sync="TRUE">LabelID</attrlabl><attalias Sync="TRUE">LabelID</attalias><attrtype Sync="TRUE">Integer</attrtype><attwidth Sync="TRUE">10</attwidth><atprecis Sync="TRUE">10</atprecis><attscale Sync="TRUE">0</attscale></attr><attr><attrlabl Sync="TRUE">nombre</attrlabl><attalias Sync="TRUE">nombre</attalias><attrtype Sync="TRUE">String</attrtype><attwidth Sync="TRUE">254</attwidth><atprecis Sync="TRUE">0</atprecis><attscale Sync="TRUE">0</attscale></attr><attr><attrlabl Sync="TRUE">tipo</attrlabl><attalias Sync="TRUE">tipo</attalias><attrtype Sync="TRUE">String</attrtype><attwidth Sync="TRUE">254</attwidth><atprecis Sync="TRUE">0</atprecis><attscale Sync="TRUE">0</attscale></attr><attr><attrlabl Sync="TRUE">direccion</attrlabl><attalias Sync="TRUE">direccion</attalias><attrtype Sync="TRUE">String</attrtype><attwidth Sync="TRUE">254</attwidth><atprecis Sync="TRUE">0</atprecis><attscale Sync="TRUE">0</attscale></attr><attr><attrlabl Sync="TRUE">telefono</attrlabl><attalias Sync="TRUE">telefono</attalias><attrtype Sync="TRUE">String</attrtype><attwidth Sync="TRUE">254</attwidth><atprecis Sync="TRUE">0</atprecis><attscale Sync="TRUE">0</attscale></attr><attr><attrlabl Sync="TRUE">responsabl</attrlabl><attalias Sync="TRUE">responsabl</attalias><attrtype Sync="TRUE">String</attrtype><attwidth Sync="TRUE">254</attwidth><atprecis Sync="TRUE">0</atprecis><attscale Sync="TRUE">0</attscale></attr><attr><attrlabl Sync="TRUE">dependeDe</attrlabl><attalias Sync="TRUE">dependeDe</attalias><attrtype Sync="TRUE">String</attrtype><attwidth Sync="TRUE">254</attwidth><atprecis Sync="TRUE">0</atprecis><attscale Sync="TRUE">0</attscale></attr><attr><attrlabl Sync="TRUE">estado</attrlabl><attalias Sync="TRUE">estado</attalias><attrtype Sync="TRUE">String</attrtype><attwidth Sync="TRUE">254</attwidth><atprecis Sync="TRUE">0</atprecis><attscale Sync="TRUE">0</attscale></attr><attr><attrlabl Sync="TRUE">latitud</attrlabl><attalias Sync="TRUE">latitud</attalias><attrtype Sync="TRUE">Double</attrtype><attwidth Sync="TRUE">19</attwidth><atprecis Sync="TRUE">0</atprecis><attscale Sync="TRUE">0</attscale></attr><attr><attrlabl Sync="TRUE">longitud</attrlabl><attalias Sync="TRUE">longitud</attalias><attrtype Sync="TRUE">Double</attrtype><attwidth Sync="TRUE">19</attwidth><atprecis Sync="TRUE">0</atprecis><attscale Sync="TRUE">0</attscale></attr><attr><attrlabl Sync="TRUE">codigo</attrlabl><attalias Sync="TRUE">codigo</attalias><attrtype Sync="TRUE">Integer</attrtype><attwidth Sync="TRUE">10</attwidth><atprecis Sync="TRUE">10</atprecis><attscale Sync="TRUE">0</attscale></attr><attr><attrlabl Sync="TRUE">nombreMuni</attrlabl><attalias Sync="TRUE">nombreMuni</attalias><attrtype Sync="TRUE">String</attrtype><attwidth Sync="TRUE">254</attwidth><atprecis Sync="TRUE">0</atprecis><attscale Sync="TRUE">0</attscale></attr><attr><attrlabl Sync="TRUE">codigoMuni</attrlabl><attalias Sync="TRUE">codigoMuni</attalias><attrtype Sync="TRUE">Integer</attrtype><attwidth Sync="TRUE">10</attwidth><atprecis Sync="TRUE">10</atprecis><attscale Sync="TRUE">0</attscale></attr><attr><attrlabl Sync="TRUE">internet</attrlabl><attalias Sync="TRUE">internet</attalias><attrtype Sync="TRUE">String</attrtype><attwidth Sync="TRUE">254</attwidth><atprecis Sync="TRUE">0</atprecis><attscale Sync="TRUE">0</attscale></attr><attr><attrlabl Sync="TRUE">codigoSaa</attrlabl><attalias Sync="TRUE">codigoSaa</attalias><attrtype Sync="TRUE">Integer</attrtype><attwidth Sync="TRUE">10</attwidth><atprecis Sync="TRUE">10</atprecis><attscale Sync="TRUE">0</attscale></attr><attr><attrlabl Sync="TRUE">fechaActiv</attrlabl><attalias Sync="TRUE">fechaActiv</attalias><attrtype Sync="TRUE">Double</attrtype><attwidth Sync="TRUE">19</attwidth><atprecis Sync="TRUE">0</atprecis><attscale Sync="TRUE">0</attscale></attr><attr><attrlabl Sync="TRUE">fechaInact</attrlabl><attalias Sync="TRUE">fechaInact</attalias><attrtype Sync="TRUE">String</attrtype><attwidth Sync="TRUE">254</attwidth><atprecis Sync="TRUE">0</atprecis><attscale Sync="TRUE">0</attscale></attr><attr><attrlabl Sync="TRUE">nombreDist</attrlabl><attalias Sync="TRUE">nombreDist</attalias><attrtype Sync="TRUE">String</attrtype><attwidth Sync="TRUE">254</attwidth><atprecis Sync="TRUE">0</atprecis><attscale Sync="TRUE">0</attscale></attr><attr><attrlabl Sync="TRUE">codigoDist</attrlabl><attalias Sync="TRUE">codigoDist</attalias><attrtype Sync="TRUE">Integer</attrtype><attwidth Sync="TRUE">10</attwidth><atprecis Sync="TRUE">10</atprecis><attscale Sync="TRUE">0</attscale></attr><attr><attrlabl Sync="TRUE">nombreRegi</attrlabl><attalias Sync="TRUE">nombreRegi</attalias><attrtype Sync="TRUE">String</attrtype><attwidth Sync="TRUE">254</attwidth><atprecis Sync="TRUE">0</atprecis><attscale Sync="TRUE">0</attscale></attr><attr><attrlabl Sync="TRUE">codigoRegi</attrlabl><attalias Sync="TRUE">codigoRegi</attalias><attrtype Sync="TRUE">Integer</attrtype><attwidth Sync="TRUE">10</attwidth><atprecis Sync="TRUE">10</atprecis><attscale Sync="TRUE">0</attscale></attr><attr><attrlabl Sync="TRUE">nombreDi_1</attrlabl><attalias Sync="TRUE">nombreDi_1</attalias><attrtype Sync="TRUE">String</attrtype><attwidth Sync="TRUE">254</attwidth><atprecis Sync="TRUE">0</atprecis><attscale Sync="TRUE">0</attscale></attr><attr><attrlabl Sync="TRUE">id</attrlabl><attalias Sync="TRUE">id</attalias><attrtype Sync="TRUE">Integer</attrtype><attwidth Sync="TRUE">10</attwidth><atprecis Sync="TRUE">10</atprecis><attscale Sync="TRUE">0</attscale></attr></detailed></eainfo><mdDateSt Sync="TRUE">20180209</mdDateSt></metadata>
