<?xml version="1.0" encoding="UTF-8"?>
<metadata xml:lang="en"><Esri><CreaDate>20180818</CreaDate><CreaTime>20225700</CreaTime><ArcGISFormat>1.0</ArcGISFormat><SyncOnce>TRUE</SyncOnce><DataProperties><lineage><Process ToolSource="c:\program files (x86)\arcgis\desktop10.5\ArcToolbox\Toolboxes\Conversion Tools.tbx\RasterToPolygon" Date="20180430" Time="200353">RasterToPolygon Euclidean_reclass_v2.tif "C:\Users\Leo\Dropbox (GeoAdaptive)\2017_044_BID_Alto_Parana_MASTER\GIS\Derived\Diagnostico\Diagnostico_Cobertura_Caminos_Principales_ZF_GA_2018_.shp" SIMPLIFY Cobertura</Process></lineage></DataProperties></Esri></metadata>
