<?xml version="1.0" encoding="UTF-8"?>
<metadata xml:lang="en"><Esri><CreaDate>20180814</CreaDate><CreaTime>15050100</CreaTime><ArcGISFormat>1.0</ArcGISFormat><SyncOnce>FALSE</SyncOnce><DataProperties><itemProps><itemName Sync="TRUE">INFR_Puertos_ZF_UNASUR_MTPA_2015</itemName><imsContentType Sync="TRUE">002</imsContentType><itemSize Sync="TRUE">0.000</itemSize><itemLocation><linkage Sync="TRUE">file://\\RSDROUGHT\Users\Leo\Dropbox (GeoAdaptive)\2017_044_BID_Alto_Parana_MASTER\GIS\Derived\INFR\INFR_Puertos_ZF_UNASUR_MTPA_2015.shp</linkage><protocol Sync="TRUE">Local Area Network</protocol></itemLocation><nativeExtBox><westBL Sync="TRUE">733534.269681</westBL><eastBL Sync="TRUE">740784.754680</eastBL><southBL Sync="TRUE">7108056.182340</southBL><northBL Sync="TRUE">7168926.997973</northBL><exTypeCode Sync="TRUE">1</exTypeCode></nativeExtBox></itemProps><coordRef><type Sync="TRUE">Projected</type><geogcsn Sync="TRUE">GCS_WGS_1984</geogcsn><csUnits Sync="TRUE">Linear Unit: Meter (1.000000)</csUnits><peXml Sync="TRUE">&lt;ProjectedCoordinateSystem xsi:type='typens:ProjectedCoordinateSystem' xmlns:xsi='http://www.w3.org/2001/XMLSchema-instance' xmlns:xs='http://www.w3.org/2001/XMLSchema' xmlns:typens='http://www.esri.com/schemas/ArcGIS/10.5'&gt;&lt;WKT&gt;PROJCS[&amp;quot;WGS_1984_UTM_Zone_21S&amp;quot;,GEOGCS[&amp;quot;GCS_WGS_1984&amp;quot;,DATUM[&amp;quot;D_WGS_1984&amp;quot;,SPHEROID[&amp;quot;WGS_1984&amp;quot;,6378137.0,298.257223563]],PRIMEM[&amp;quot;Greenwich&amp;quot;,0.0],UNIT[&amp;quot;Degree&amp;quot;,0.0174532925199433]],PROJECTION[&amp;quot;Transverse_Mercator&amp;quot;],PARAMETER[&amp;quot;False_Easting&amp;quot;,500000.0],PARAMETER[&amp;quot;False_Northing&amp;quot;,10000000.0],PARAMETER[&amp;quot;Central_Meridian&amp;quot;,-57.0],PARAMETER[&amp;quot;Scale_Factor&amp;quot;,0.9996],PARAMETER[&amp;quot;Latitude_Of_Origin&amp;quot;,0.0],UNIT[&amp;quot;Meter&amp;quot;,1.0],AUTHORITY[&amp;quot;EPSG&amp;quot;,32721]]&lt;/WKT&gt;&lt;XOrigin&gt;-5120900&lt;/XOrigin&gt;&lt;YOrigin&gt;1900&lt;/YOrigin&gt;&lt;XYScale&gt;450445547.3910538&lt;/XYScale&gt;&lt;ZOrigin&gt;-100000&lt;/ZOrigin&gt;&lt;ZScale&gt;10000&lt;/ZScale&gt;&lt;MOrigin&gt;-100000&lt;/MOrigin&gt;&lt;MScale&gt;10000&lt;/MScale&gt;&lt;XYTolerance&gt;0.001&lt;/XYTolerance&gt;&lt;ZTolerance&gt;0.001&lt;/ZTolerance&gt;&lt;MTolerance&gt;0.001&lt;/MTolerance&gt;&lt;HighPrecision&gt;true&lt;/HighPrecision&gt;&lt;WKID&gt;32721&lt;/WKID&gt;&lt;LatestWKID&gt;32721&lt;/LatestWKID&gt;&lt;/ProjectedCoordinateSystem&gt;</peXml><projcsn Sync="TRUE">WGS_1984_UTM_Zone_21S</projcsn></coordRef><lineage><Process Name="Clip (2)" ToolSource="c:\program files (x86)\arcgis\desktop10.4\ArcToolbox\Toolboxes\Analysis Tools.tbx\Clip" Date="20180110" Time="164107">Clip INFR_ports_UNASUR_2015_PGY ADM_Alto_Parana_DIVA_PRY C:\Users\Leo\Documents\ArcGIS\Default.gdb\INFR_ports_UNASUR_2015_PGY_C #</Process><Process ToolSource="c:\program files (x86)\arcgis\desktop10.5\ArcToolbox\Toolboxes\Data Management Tools.tbx\Merge" Date="20180501" Time="112158">Merge 'C:\Users\Leo\Dropbox (GeoAdaptive)\2017_044_BID_Alto_Parana_MASTER\GIS\Derived\INFR\INFR_Puertos_AP_UNASUR_2015_PRY.shp';'C:\Users\Leo\Dropbox (GeoAdaptive)\2017_044_BID_Alto_Parana_MASTER\GIS\Derived\INFR\INFR_Puertos_OP_MTPA_2014_BRA.shp' "C:\Users\Leo\Dropbox (GeoAdaptive)\2017_044_BID_Alto_Parana_MASTER\GIS\Derived\INFR\INFR_Puertos_ZF_UNASUR_MTPA_2015.shp" "OBJECTID "OBJECTID" true true false 10 Long 0 10 ,First,#,C:\Users\Leo\Dropbox (GeoAdaptive)\2017_044_BID_Alto_Parana_MASTER\GIS\Derived\INFR\INFR_Puertos_AP_UNASUR_2015_PRY.shp,OBJECTID,-1,-1,C:\Users\Leo\Dropbox (GeoAdaptive)\2017_044_BID_Alto_Parana_MASTER\GIS\Derived\INFR\INFR_Puertos_OP_MTPA_2014_BRA.shp,OBJECTID,-1,-1;IDUSCO "IDUSCO" true true false 19 Double 0 0 ,First,#,C:\Users\Leo\Dropbox (GeoAdaptive)\2017_044_BID_Alto_Parana_MASTER\GIS\Derived\INFR\INFR_Puertos_AP_UNASUR_2015_PRY.shp,IDUSCO,-1,-1;ACC "ACC" true true false 19 Double 0 0 ,First,#,C:\Users\Leo\Dropbox (GeoAdaptive)\2017_044_BID_Alto_Parana_MASTER\GIS\Derived\INFR\INFR_Puertos_AP_UNASUR_2015_PRY.shp,ACC,-1,-1;FUC "FUC" true true false 19 Double 0 0 ,First,#,C:\Users\Leo\Dropbox (GeoAdaptive)\2017_044_BID_Alto_Parana_MASTER\GIS\Derived\INFR\INFR_Puertos_AP_UNASUR_2015_PRY.shp,FUC,-1,-1;NAM "NAM" true true false 100 Text 0 0 ,First,#,C:\Users\Leo\Dropbox (GeoAdaptive)\2017_044_BID_Alto_Parana_MASTER\GIS\Derived\INFR\INFR_Puertos_AP_UNASUR_2015_PRY.shp,NAM,-1,-1;OPS "OPS" true true false 19 Double 0 0 ,First,#,C:\Users\Leo\Dropbox (GeoAdaptive)\2017_044_BID_Alto_Parana_MASTER\GIS\Derived\INFR\INFR_Puertos_AP_UNASUR_2015_PRY.shp,OPS,-1,-1;ZDG "ZDG" true true false 19 Double 0 0 ,First,#,C:\Users\Leo\Dropbox (GeoAdaptive)\2017_044_BID_Alto_Parana_MASTER\GIS\Derived\INFR\INFR_Puertos_AP_UNASUR_2015_PRY.shp,ZDG,-1,-1;ZPI "ZPI" true true false 19 Double 0 0 ,First,#,C:\Users\Leo\Dropbox (GeoAdaptive)\2017_044_BID_Alto_Parana_MASTER\GIS\Derived\INFR\INFR_Puertos_AP_UNASUR_2015_PRY.shp,ZPI,-1,-1;ZPP "ZPP" true true false 19 Double 0 0 ,First,#,C:\Users\Leo\Dropbox (GeoAdaptive)\2017_044_BID_Alto_Parana_MASTER\GIS\Derived\INFR\INFR_Puertos_AP_UNASUR_2015_PRY.shp,ZPP,-1,-1;ZUS "ZUS" true true false 19 Double 0 0 ,First,#,C:\Users\Leo\Dropbox (GeoAdaptive)\2017_044_BID_Alto_Parana_MASTER\GIS\Derived\INFR\INFR_Puertos_AP_UNASUR_2015_PRY.shp,ZUS,-1,-1;ACC_LBL "ACC_LBL" true true false 100 Text 0 0 ,First,#,C:\Users\Leo\Dropbox (GeoAdaptive)\2017_044_BID_Alto_Parana_MASTER\GIS\Derived\INFR\INFR_Puertos_AP_UNASUR_2015_PRY.shp,ACC_LBL,-1,-1;FUC_LBL "FUC_LBL" true true false 100 Text 0 0 ,First,#,C:\Users\Leo\Dropbox (GeoAdaptive)\2017_044_BID_Alto_Parana_MASTER\GIS\Derived\INFR\INFR_Puertos_AP_UNASUR_2015_PRY.shp,FUC_LBL,-1,-1;OPS_LBL "OPS_LBL" true true false 100 Text 0 0 ,First,#,C:\Users\Leo\Dropbox (GeoAdaptive)\2017_044_BID_Alto_Parana_MASTER\GIS\Derived\INFR\INFR_Puertos_AP_UNASUR_2015_PRY.shp,OPS_LBL,-1,-1;ZDG_LBL "ZDG_LBL" true true false 100 Text 0 0 ,First,#,C:\Users\Leo\Dropbox (GeoAdaptive)\2017_044_BID_Alto_Parana_MASTER\GIS\Derived\INFR\INFR_Puertos_AP_UNASUR_2015_PRY.shp,ZDG_LBL,-1,-1;ZPI_LBL "ZPI_LBL" true true false 100 Text 0 0 ,First,#,C:\Users\Leo\Dropbox (GeoAdaptive)\2017_044_BID_Alto_Parana_MASTER\GIS\Derived\INFR\INFR_Puertos_AP_UNASUR_2015_PRY.shp,ZPI_LBL,-1,-1;ZPP_LBL "ZPP_LBL" true true false 100 Text 0 0 ,First,#,C:\Users\Leo\Dropbox (GeoAdaptive)\2017_044_BID_Alto_Parana_MASTER\GIS\Derived\INFR\INFR_Puertos_AP_UNASUR_2015_PRY.shp,ZPP_LBL,-1,-1;ZUS_LBL "ZUS_LBL" true true false 100 Text 0 0 ,First,#,C:\Users\Leo\Dropbox (GeoAdaptive)\2017_044_BID_Alto_Parana_MASTER\GIS\Derived\INFR\INFR_Puertos_AP_UNASUR_2015_PRY.shp,ZUS_LBL,-1,-1;OBS "OBS" true true false 50 Text 0 0 ,First,#,C:\Users\Leo\Dropbox (GeoAdaptive)\2017_044_BID_Alto_Parana_MASTER\GIS\Derived\INFR\INFR_Puertos_AP_UNASUR_2015_PRY.shp,OBS,-1,-1;UF "UF" true true false 254 Text 0 0 ,First,#,C:\Users\Leo\Dropbox (GeoAdaptive)\2017_044_BID_Alto_Parana_MASTER\GIS\Derived\INFR\INFR_Puertos_OP_MTPA_2014_BRA.shp,UF,-1,-1;IL "IL" true true false 254 Text 0 0 ,First,#,C:\Users\Leo\Dropbox (GeoAdaptive)\2017_044_BID_Alto_Parana_MASTER\GIS\Derived\INFR\INFR_Puertos_OP_MTPA_2014_BRA.shp,IL,-1,-1;Obs_ "Obs_" true true false 254 Text 0 0 ,First,#,C:\Users\Leo\Dropbox (GeoAdaptive)\2017_044_BID_Alto_Parana_MASTER\GIS\Derived\INFR\INFR_Puertos_OP_MTPA_2014_BRA.shp,Obs_,-1,-1;COD_HIDROV "COD_HIDROV" true true false 19 Double 0 0 ,First,#,C:\Users\Leo\Dropbox (GeoAdaptive)\2017_044_BID_Alto_Parana_MASTER\GIS\Derived\INFR\INFR_Puertos_OP_MTPA_2014_BRA.shp,COD_HIDROV,-1,-1;COD_PORTO "COD_PORTO" true true false 13 Text 0 0 ,First,#,C:\Users\Leo\Dropbox (GeoAdaptive)\2017_044_BID_Alto_Parana_MASTER\GIS\Derived\INFR\INFR_Puertos_OP_MTPA_2014_BRA.shp,COD_PORTO,-1,-1;TIPO "TIPO" true true false 12 Text 0 0 ,First,#,C:\Users\Leo\Dropbox (GeoAdaptive)\2017_044_BID_Alto_Parana_MASTER\GIS\Derived\INFR\INFR_Puertos_OP_MTPA_2014_BRA.shp,TIPO,-1,-1;ADMINISTRA "ADMINISTRA" true true false 12 Text 0 0 ,First,#,C:\Users\Leo\Dropbox (GeoAdaptive)\2017_044_BID_Alto_Parana_MASTER\GIS\Derived\INFR\INFR_Puertos_OP_MTPA_2014_BRA.shp,ADMINISTRA,-1,-1;ENDERECO "ENDERECO" true true false 43 Text 0 0 ,First,#,C:\Users\Leo\Dropbox (GeoAdaptive)\2017_044_BID_Alto_Parana_MASTER\GIS\Derived\INFR\INFR_Puertos_OP_MTPA_2014_BRA.shp,ENDERECO,-1,-1;CEP "CEP" true true false 10 Text 0 0 ,First,#,C:\Users\Leo\Dropbox (GeoAdaptive)\2017_044_BID_Alto_Parana_MASTER\GIS\Derived\INFR\INFR_Puertos_OP_MTPA_2014_BRA.shp,CEP,-1,-1;ACESSO_ROD "ACESSO_ROD" true true false 78 Text 0 0 ,First,#,C:\Users\Leo\Dropbox (GeoAdaptive)\2017_044_BID_Alto_Parana_MASTER\GIS\Derived\INFR\INFR_Puertos_OP_MTPA_2014_BRA.shp,ACESSO_ROD,-1,-1;ACESSO_MAR "ACESSO_MAR" true true false 120 Text 0 0 ,First,#,C:\Users\Leo\Dropbox (GeoAdaptive)\2017_044_BID_Alto_Parana_MASTER\GIS\Derived\INFR\INFR_Puertos_OP_MTPA_2014_BRA.shp,ACESSO_MAR,-1,-1;ACESSO_FLU "ACESSO_FLU" true true false 73 Text 0 0 ,First,#,C:\Users\Leo\Dropbox (GeoAdaptive)\2017_044_BID_Alto_Parana_MASTER\GIS\Derived\INFR\INFR_Puertos_OP_MTPA_2014_BRA.shp,ACESSO_FLU,-1,-1;ACESSO_FER "ACESSO_FER" true true false 50 Text 0 0 ,First,#,C:\Users\Leo\Dropbox (GeoAdaptive)\2017_044_BID_Alto_Parana_MASTER\GIS\Derived\INFR\INFR_Puertos_OP_MTPA_2014_BRA.shp,ACESSO_FER,-1,-1;ACESS_COMP "ACESS_COMP" true true false 200 Text 0 0 ,First,#,C:\Users\Leo\Dropbox (GeoAdaptive)\2017_044_BID_Alto_Parana_MASTER\GIS\Derived\INFR\INFR_Puertos_OP_MTPA_2014_BRA.shp,ACESS_COMP,-1,-1;CLASSE "CLASSE" true true false 40 Text 0 0 ,First,#,C:\Users\Leo\Dropbox (GeoAdaptive)\2017_044_BID_Alto_Parana_MASTER\GIS\Derived\INFR\INFR_Puertos_OP_MTPA_2014_BRA.shp,CLASSE,-1,-1;NOME "NOME" true true false 100 Text 0 0 ,First,#,C:\Users\Leo\Dropbox (GeoAdaptive)\2017_044_BID_Alto_Parana_MASTER\GIS\Derived\INFR\INFR_Puertos_OP_MTPA_2014_BRA.shp,NOME,-1,-1;AUTORIZ "AUTORIZ" true true false 254 Text 0 0 ,First,#,C:\Users\Leo\Dropbox (GeoAdaptive)\2017_044_BID_Alto_Parana_MASTER\GIS\Derived\INFR\INFR_Puertos_OP_MTPA_2014_BRA.shp,AUTORIZ,-1,-1;CARGA "CARGA" true true false 254 Text 0 0 ,First,#,C:\Users\Leo\Dropbox (GeoAdaptive)\2017_044_BID_Alto_Parana_MASTER\GIS\Derived\INFR\INFR_Puertos_OP_MTPA_2014_BRA.shp,CARGA,-1,-1;CAPA "CAPA" true true false 100 Text 0 0 ,First,#,C:\Users\Leo\Dropbox (GeoAdaptive)\2017_044_BID_Alto_Parana_MASTER\GIS\Derived\INFR\INFR_Puertos_OP_MTPA_2014_BRA.shp,CAPA,-1,-1;Hidrovia "Hidrovia" true true false 10 Text 0 0 ,First,#,C:\Users\Leo\Dropbox (GeoAdaptive)\2017_044_BID_Alto_Parana_MASTER\GIS\Derived\INFR\INFR_Puertos_OP_MTPA_2014_BRA.shp,Hidrovia,-1,-1;INF_OPE "INF_OPE" true true false 254 Text 0 0 ,First,#,C:\Users\Leo\Dropbox (GeoAdaptive)\2017_044_BID_Alto_Parana_MASTER\GIS\Derived\INFR\INFR_Puertos_OP_MTPA_2014_BRA.shp,INF_OPE,-1,-1;COD_ANTAQ "COD_ANTAQ" true true false 10 Long 0 10 ,First,#,C:\Users\Leo\Dropbox (GeoAdaptive)\2017_044_BID_Alto_Parana_MASTER\GIS\Derived\INFR\INFR_Puertos_OP_MTPA_2014_BRA.shp,COD_ANTAQ,-1,-1;GEOCODIG_M "GEOCODIG_M" true true false 10 Long 0 10 ,First,#,C:\Users\Leo\Dropbox (GeoAdaptive)\2017_044_BID_Alto_Parana_MASTER\GIS\Derived\INFR\INFR_Puertos_OP_MTPA_2014_BRA.shp,GEOCODIG_M,-1,-1;NOME_MUNIC "NOME_MUNIC" true true false 254 Text 0 0 ,First,#,C:\Users\Leo\Dropbox (GeoAdaptive)\2017_044_BID_Alto_Parana_MASTER\GIS\Derived\INFR\INFR_Puertos_OP_MTPA_2014_BRA.shp,NOME_MUNIC,-1,-1;Modal "Modal" true true false 25 Text 0 0 ,First,#,C:\Users\Leo\Dropbox (GeoAdaptive)\2017_044_BID_Alto_Parana_MASTER\GIS\Derived\INFR\INFR_Puertos_OP_MTPA_2014_BRA.shp,Modal,-1,-1;PNV_HIDROV "PNV_HIDROV" true true false 12 Text 0 0 ,First,#,C:\Users\Leo\Dropbox (GeoAdaptive)\2017_044_BID_Alto_Parana_MASTER\GIS\Derived\INFR\INFR_Puertos_OP_MTPA_2014_BRA.shp,PNV_HIDROV,-1,-1"</Process></lineage></DataProperties><SyncDate>20180501</SyncDate><SyncTime>11215700</SyncTime><ModDate>20180501</ModDate><ModTime>11215700</ModTime><ArcGISstyle>ISO 19139 Metadata Implementation Specification</ArcGISstyle></Esri><dataIdInfo><envirDesc Sync="TRUE"> Version 6.2 (Build 9200) ; Esri ArcGIS 10.5.1.7333</envirDesc><dataLang><languageCode value="eng" Sync="TRUE"></languageCode><countryCode value="USA" Sync="TRUE"></countryCode></dataLang><idCitation><resTitle Sync="TRUE">INFR_Puertos_ZF_UNASUR_MTPA_2015</resTitle><presForm><PresFormCd value="005" Sync="TRUE"></PresFormCd></presForm></idCitation><spatRpType><SpatRepTypCd value="001" Sync="TRUE"></SpatRepTypCd></spatRpType><dataExt><geoEle><GeoBndBox esriExtentType="search"><exTypeCode Sync="TRUE">1</exTypeCode><westBL Sync="TRUE">-54.675104</westBL><eastBL Sync="TRUE">-54.591869</eastBL><northBL Sync="TRUE">-25.577515</northBL><southBL Sync="TRUE">-26.127889</southBL></GeoBndBox></geoEle></dataExt></dataIdInfo><mdLang><languageCode value="eng" Sync="TRUE"></languageCode><countryCode value="USA" Sync="TRUE"></countryCode></mdLang><mdChar><CharSetCd value="004" Sync="TRUE"></CharSetCd></mdChar><distInfo><distFormat><formatName Sync="TRUE">Shapefile</formatName></distFormat><distTranOps><transSize Sync="TRUE">0.000</transSize></distTranOps></distInfo><mdHrLv><ScopeCd value="005" Sync="TRUE"></ScopeCd></mdHrLv><mdHrLvName Sync="TRUE">dataset</mdHrLvName><refSysInfo><RefSystem><refSysID><identCode code="32721" Sync="TRUE"></identCode><idCodeSpace Sync="TRUE">EPSG</idCodeSpace><idVersion Sync="TRUE">2.1(3.0.1)</idVersion></refSysID></RefSystem></refSysInfo><spatRepInfo><VectSpatRep><geometObjs Name="INFR_Puertos_ZF_UNASUR_MTPA_2015"><geoObjTyp><GeoObjTypCd value="004" Sync="TRUE"></GeoObjTypCd></geoObjTyp><geoObjCnt Sync="TRUE">0</geoObjCnt></geometObjs><topLvl><TopoLevCd value="001" Sync="TRUE"></TopoLevCd></topLvl></VectSpatRep></spatRepInfo><spdoinfo><ptvctinf><esriterm Name="INFR_Puertos_ZF_UNASUR_MTPA_2015"><efeatyp Sync="TRUE">Simple</efeatyp><efeageom code="1" Sync="TRUE"></efeageom><esritopo Sync="TRUE">FALSE</esritopo><efeacnt Sync="TRUE">0</efeacnt><spindex Sync="TRUE">FALSE</spindex><linrefer Sync="TRUE">FALSE</linrefer></esriterm></ptvctinf></spdoinfo><eainfo><detailed Name="INFR_Puertos_ZF_UNASUR_MTPA_2015"><enttyp><enttypl Sync="TRUE">INFR_Puertos_ZF_UNASUR_MTPA_2015</enttypl><enttypt Sync="TRUE">Feature Class</enttypt><enttypc Sync="TRUE">0</enttypc></enttyp><attr><attrlabl Sync="TRUE">FID</attrlabl><attalias Sync="TRUE">FID</attalias><attrtype Sync="TRUE">OID</attrtype><attwidth Sync="TRUE">4</attwidth><atprecis Sync="TRUE">0</atprecis><attscale Sync="TRUE">0</attscale><attrdef Sync="TRUE">Internal feature number.</attrdef><attrdefs Sync="TRUE">Esri</attrdefs><attrdomv><udom Sync="TRUE">Sequential unique whole numbers that are automatically generated.</udom></attrdomv></attr><attr><attrlabl Sync="TRUE">OBJECTID</attrlabl><attalias Sync="TRUE">OBJECTID</attalias><attrtype Sync="TRUE">Integer</attrtype><attwidth Sync="TRUE">10</attwidth><atprecis Sync="TRUE">10</atprecis><attscale Sync="TRUE">0</attscale><attrdef Sync="TRUE">Internal feature number.</attrdef><attrdefs Sync="TRUE">Esri</attrdefs><attrdomv><udom Sync="TRUE">Sequential unique whole numbers that are automatically generated.</udom></attrdomv></attr><attr><attrlabl Sync="TRUE">Shape</attrlabl><attalias Sync="TRUE">Shape</attalias><attrtype Sync="TRUE">Geometry</attrtype><attwidth Sync="TRUE">0</attwidth><atprecis Sync="TRUE">0</atprecis><attscale Sync="TRUE">0</attscale><attrdef Sync="TRUE">Feature geometry.</attrdef><attrdefs Sync="TRUE">Esri</attrdefs><attrdomv><udom Sync="TRUE">Coordinates defining the features.</udom></attrdomv></attr><attr><attrlabl Sync="TRUE">IDUSCO</attrlabl><attalias Sync="TRUE">IDUSCO</attalias><attrtype Sync="TRUE">Double</attrtype><attwidth Sync="TRUE">19</attwidth><atprecis Sync="TRUE">0</atprecis><attscale Sync="TRUE">0</attscale></attr><attr><attrlabl Sync="TRUE">ACC</attrlabl><attalias Sync="TRUE">ACC</attalias><attrtype Sync="TRUE">Double</attrtype><attwidth Sync="TRUE">19</attwidth><atprecis Sync="TRUE">0</atprecis><attscale Sync="TRUE">0</attscale></attr><attr><attrlabl Sync="TRUE">FUC</attrlabl><attalias Sync="TRUE">FUC</attalias><attrtype Sync="TRUE">Double</attrtype><attwidth Sync="TRUE">19</attwidth><atprecis Sync="TRUE">0</atprecis><attscale Sync="TRUE">0</attscale></attr><attr><attrlabl Sync="TRUE">NAM</attrlabl><attalias Sync="TRUE">NAM</attalias><attrtype Sync="TRUE">String</attrtype><attwidth Sync="TRUE">100</attwidth><atprecis Sync="TRUE">0</atprecis><attscale Sync="TRUE">0</attscale></attr><attr><attrlabl Sync="TRUE">OPS</attrlabl><attalias Sync="TRUE">OPS</attalias><attrtype Sync="TRUE">Double</attrtype><attwidth Sync="TRUE">19</attwidth><atprecis Sync="TRUE">0</atprecis><attscale Sync="TRUE">0</attscale></attr><attr><attrlabl Sync="TRUE">ZDG</attrlabl><attalias Sync="TRUE">ZDG</attalias><attrtype Sync="TRUE">Double</attrtype><attwidth Sync="TRUE">19</attwidth><atprecis Sync="TRUE">0</atprecis><attscale Sync="TRUE">0</attscale></attr><attr><attrlabl Sync="TRUE">ZPI</attrlabl><attalias Sync="TRUE">ZPI</attalias><attrtype Sync="TRUE">Double</attrtype><attwidth Sync="TRUE">19</attwidth><atprecis Sync="TRUE">0</atprecis><attscale Sync="TRUE">0</attscale></attr><attr><attrlabl Sync="TRUE">ZPP</attrlabl><attalias Sync="TRUE">ZPP</attalias><attrtype Sync="TRUE">Double</attrtype><attwidth Sync="TRUE">19</attwidth><atprecis Sync="TRUE">0</atprecis><attscale Sync="TRUE">0</attscale></attr><attr><attrlabl Sync="TRUE">ZUS</attrlabl><attalias Sync="TRUE">ZUS</attalias><attrtype Sync="TRUE">Double</attrtype><attwidth Sync="TRUE">19</attwidth><atprecis Sync="TRUE">0</atprecis><attscale Sync="TRUE">0</attscale></attr><attr><attrlabl Sync="TRUE">ACC_LBL</attrlabl><attalias Sync="TRUE">ACC_LBL</attalias><attrtype Sync="TRUE">String</attrtype><attwidth Sync="TRUE">100</attwidth><atprecis Sync="TRUE">0</atprecis><attscale Sync="TRUE">0</attscale></attr><attr><attrlabl Sync="TRUE">FUC_LBL</attrlabl><attalias Sync="TRUE">FUC_LBL</attalias><attrtype Sync="TRUE">String</attrtype><attwidth Sync="TRUE">100</attwidth><atprecis Sync="TRUE">0</atprecis><attscale Sync="TRUE">0</attscale></attr><attr><attrlabl Sync="TRUE">OPS_LBL</attrlabl><attalias Sync="TRUE">OPS_LBL</attalias><attrtype Sync="TRUE">String</attrtype><attwidth Sync="TRUE">100</attwidth><atprecis Sync="TRUE">0</atprecis><attscale Sync="TRUE">0</attscale></attr><attr><attrlabl Sync="TRUE">ZDG_LBL</attrlabl><attalias Sync="TRUE">ZDG_LBL</attalias><attrtype Sync="TRUE">String</attrtype><attwidth Sync="TRUE">100</attwidth><atprecis Sync="TRUE">0</atprecis><attscale Sync="TRUE">0</attscale></attr><attr><attrlabl Sync="TRUE">ZPI_LBL</attrlabl><attalias Sync="TRUE">ZPI_LBL</attalias><attrtype Sync="TRUE">String</attrtype><attwidth Sync="TRUE">100</attwidth><atprecis Sync="TRUE">0</atprecis><attscale Sync="TRUE">0</attscale></attr><attr><attrlabl Sync="TRUE">ZPP_LBL</attrlabl><attalias Sync="TRUE">ZPP_LBL</attalias><attrtype Sync="TRUE">String</attrtype><attwidth Sync="TRUE">100</attwidth><atprecis Sync="TRUE">0</atprecis><attscale Sync="TRUE">0</attscale></attr><attr><attrlabl Sync="TRUE">ZUS_LBL</attrlabl><attalias Sync="TRUE">ZUS_LBL</attalias><attrtype Sync="TRUE">String</attrtype><attwidth Sync="TRUE">100</attwidth><atprecis Sync="TRUE">0</atprecis><attscale Sync="TRUE">0</attscale></attr><attr><attrlabl Sync="TRUE">OBS</attrlabl><attalias Sync="TRUE">OBS</attalias><attrtype Sync="TRUE">String</attrtype><attwidth Sync="TRUE">50</attwidth><atprecis Sync="TRUE">0</atprecis><attscale Sync="TRUE">0</attscale></attr><attr><attrlabl Sync="TRUE">UF</attrlabl><attalias Sync="TRUE">UF</attalias><attrtype Sync="TRUE">String</attrtype><attwidth Sync="TRUE">254</attwidth><atprecis Sync="TRUE">0</atprecis><attscale Sync="TRUE">0</attscale></attr><attr><attrlabl Sync="TRUE">IL</attrlabl><attalias Sync="TRUE">IL</attalias><attrtype Sync="TRUE">String</attrtype><attwidth Sync="TRUE">254</attwidth><atprecis Sync="TRUE">0</atprecis><attscale Sync="TRUE">0</attscale></attr><attr><attrlabl Sync="TRUE">Obs_</attrlabl><attalias Sync="TRUE">Obs_</attalias><attrtype Sync="TRUE">String</attrtype><attwidth Sync="TRUE">254</attwidth><atprecis Sync="TRUE">0</atprecis><attscale Sync="TRUE">0</attscale></attr><attr><attrlabl Sync="TRUE">COD_HIDROV</attrlabl><attalias Sync="TRUE">COD_HIDROV</attalias><attrtype Sync="TRUE">Double</attrtype><attwidth Sync="TRUE">19</attwidth><atprecis Sync="TRUE">0</atprecis><attscale Sync="TRUE">0</attscale></attr><attr><attrlabl Sync="TRUE">COD_PORTO</attrlabl><attalias Sync="TRUE">COD_PORTO</attalias><attrtype Sync="TRUE">String</attrtype><attwidth Sync="TRUE">13</attwidth><atprecis Sync="TRUE">0</atprecis><attscale Sync="TRUE">0</attscale></attr><attr><attrlabl Sync="TRUE">TIPO</attrlabl><attalias Sync="TRUE">TIPO</attalias><attrtype Sync="TRUE">String</attrtype><attwidth Sync="TRUE">12</attwidth><atprecis Sync="TRUE">0</atprecis><attscale Sync="TRUE">0</attscale></attr><attr><attrlabl Sync="TRUE">ADMINISTRA</attrlabl><attalias Sync="TRUE">ADMINISTRA</attalias><attrtype Sync="TRUE">String</attrtype><attwidth Sync="TRUE">12</attwidth><atprecis Sync="TRUE">0</atprecis><attscale Sync="TRUE">0</attscale></attr><attr><attrlabl Sync="TRUE">ENDERECO</attrlabl><attalias Sync="TRUE">ENDERECO</attalias><attrtype Sync="TRUE">String</attrtype><attwidth Sync="TRUE">43</attwidth><atprecis Sync="TRUE">0</atprecis><attscale Sync="TRUE">0</attscale></attr><attr><attrlabl Sync="TRUE">CEP</attrlabl><attalias Sync="TRUE">CEP</attalias><attrtype Sync="TRUE">String</attrtype><attwidth Sync="TRUE">10</attwidth><atprecis Sync="TRUE">0</atprecis><attscale Sync="TRUE">0</attscale></attr><attr><attrlabl Sync="TRUE">ACESSO_ROD</attrlabl><attalias Sync="TRUE">ACESSO_ROD</attalias><attrtype Sync="TRUE">String</attrtype><attwidth Sync="TRUE">78</attwidth><atprecis Sync="TRUE">0</atprecis><attscale Sync="TRUE">0</attscale></attr><attr><attrlabl Sync="TRUE">ACESSO_MAR</attrlabl><attalias Sync="TRUE">ACESSO_MAR</attalias><attrtype Sync="TRUE">String</attrtype><attwidth Sync="TRUE">120</attwidth><atprecis Sync="TRUE">0</atprecis><attscale Sync="TRUE">0</attscale></attr><attr><attrlabl Sync="TRUE">ACESSO_FLU</attrlabl><attalias Sync="TRUE">ACESSO_FLU</attalias><attrtype Sync="TRUE">String</attrtype><attwidth Sync="TRUE">73</attwidth><atprecis Sync="TRUE">0</atprecis><attscale Sync="TRUE">0</attscale></attr><attr><attrlabl Sync="TRUE">ACESSO_FER</attrlabl><attalias Sync="TRUE">ACESSO_FER</attalias><attrtype Sync="TRUE">String</attrtype><attwidth Sync="TRUE">50</attwidth><atprecis Sync="TRUE">0</atprecis><attscale Sync="TRUE">0</attscale></attr><attr><attrlabl Sync="TRUE">ACESS_COMP</attrlabl><attalias Sync="TRUE">ACESS_COMP</attalias><attrtype Sync="TRUE">String</attrtype><attwidth Sync="TRUE">200</attwidth><atprecis Sync="TRUE">0</atprecis><attscale Sync="TRUE">0</attscale></attr><attr><attrlabl Sync="TRUE">CLASSE</attrlabl><attalias Sync="TRUE">CLASSE</attalias><attrtype Sync="TRUE">String</attrtype><attwidth Sync="TRUE">40</attwidth><atprecis Sync="TRUE">0</atprecis><attscale Sync="TRUE">0</attscale></attr><attr><attrlabl Sync="TRUE">NOME</attrlabl><attalias Sync="TRUE">NOME</attalias><attrtype Sync="TRUE">String</attrtype><attwidth Sync="TRUE">100</attwidth><atprecis Sync="TRUE">0</atprecis><attscale Sync="TRUE">0</attscale></attr><attr><attrlabl Sync="TRUE">AUTORIZ</attrlabl><attalias Sync="TRUE">AUTORIZ</attalias><attrtype Sync="TRUE">String</attrtype><attwidth Sync="TRUE">254</attwidth><atprecis Sync="TRUE">0</atprecis><attscale Sync="TRUE">0</attscale></attr><attr><attrlabl Sync="TRUE">CARGA</attrlabl><attalias Sync="TRUE">CARGA</attalias><attrtype Sync="TRUE">String</attrtype><attwidth Sync="TRUE">254</attwidth><atprecis Sync="TRUE">0</atprecis><attscale Sync="TRUE">0</attscale></attr><attr><attrlabl Sync="TRUE">CAPA</attrlabl><attalias Sync="TRUE">CAPA</attalias><attrtype Sync="TRUE">String</attrtype><attwidth Sync="TRUE">100</attwidth><atprecis Sync="TRUE">0</atprecis><attscale Sync="TRUE">0</attscale></attr><attr><attrlabl Sync="TRUE">Hidrovia</attrlabl><attalias Sync="TRUE">Hidrovia</attalias><attrtype Sync="TRUE">String</attrtype><attwidth Sync="TRUE">10</attwidth><atprecis Sync="TRUE">0</atprecis><attscale Sync="TRUE">0</attscale></attr><attr><attrlabl Sync="TRUE">INF_OPE</attrlabl><attalias Sync="TRUE">INF_OPE</attalias><attrtype Sync="TRUE">String</attrtype><attwidth Sync="TRUE">254</attwidth><atprecis Sync="TRUE">0</atprecis><attscale Sync="TRUE">0</attscale></attr><attr><attrlabl Sync="TRUE">COD_ANTAQ</attrlabl><attalias Sync="TRUE">COD_ANTAQ</attalias><attrtype Sync="TRUE">Integer</attrtype><attwidth Sync="TRUE">10</attwidth><atprecis Sync="TRUE">10</atprecis><attscale Sync="TRUE">0</attscale></attr><attr><attrlabl Sync="TRUE">GEOCODIG_M</attrlabl><attalias Sync="TRUE">GEOCODIG_M</attalias><attrtype Sync="TRUE">Integer</attrtype><attwidth Sync="TRUE">10</attwidth><atprecis Sync="TRUE">10</atprecis><attscale Sync="TRUE">0</attscale></attr><attr><attrlabl Sync="TRUE">NOME_MUNIC</attrlabl><attalias Sync="TRUE">NOME_MUNIC</attalias><attrtype Sync="TRUE">String</attrtype><attwidth Sync="TRUE">254</attwidth><atprecis Sync="TRUE">0</atprecis><attscale Sync="TRUE">0</attscale></attr><attr><attrlabl Sync="TRUE">Modal</attrlabl><attalias Sync="TRUE">Modal</attalias><attrtype Sync="TRUE">String</attrtype><attwidth Sync="TRUE">25</attwidth><atprecis Sync="TRUE">0</atprecis><attscale Sync="TRUE">0</attscale></attr><attr><attrlabl Sync="TRUE">PNV_HIDROV</attrlabl><attalias Sync="TRUE">PNV_HIDROV</attalias><attrtype Sync="TRUE">String</attrtype><attwidth Sync="TRUE">12</attwidth><atprecis Sync="TRUE">0</atprecis><attscale Sync="TRUE">0</attscale></attr></detailed></eainfo><mdDateSt Sync="TRUE">20180501</mdDateSt></metadata>
