<?xml version="1.0" encoding="UTF-8"?>
<metadata xml:lang="en"><Esri><CreaDate>20180817</CreaDate><CreaTime>17071200</CreaTime><ArcGISFormat>1.0</ArcGISFormat><SyncOnce>FALSE</SyncOnce><DataProperties><itemProps><itemName Sync="TRUE">Caminos_principales_OP_IBGE_OSM_</itemName><imsContentType Sync="TRUE">002</imsContentType><itemSize Sync="TRUE">0.000</itemSize><itemLocation><linkage Sync="TRUE">file://\\RSDROUGHT\Users\Leo\Dropbox (GeoAdaptive)\2017_044_BID_Alto_Parana_MASTER\GIS\Analysis\Road_Network\Topology.gdb</linkage><protocol Sync="TRUE">Local Area Network</protocol></itemLocation></itemProps><coordRef><type Sync="TRUE">Projected</type><geogcsn Sync="TRUE">GCS_WGS_1984</geogcsn><csUnits Sync="TRUE">Linear Unit: Meter (1.000000)</csUnits><projcsn Sync="TRUE">WGS_1984_UTM_Zone_21S</projcsn><peXml Sync="TRUE">&lt;ProjectedCoordinateSystem xsi:type='typens:ProjectedCoordinateSystem' xmlns:xsi='http://www.w3.org/2001/XMLSchema-instance' xmlns:xs='http://www.w3.org/2001/XMLSchema' xmlns:typens='http://www.esri.com/schemas/ArcGIS/10.5'&gt;&lt;WKT&gt;PROJCS[&amp;quot;WGS_1984_UTM_Zone_21S&amp;quot;,GEOGCS[&amp;quot;GCS_WGS_1984&amp;quot;,DATUM[&amp;quot;D_WGS_1984&amp;quot;,SPHEROID[&amp;quot;WGS_1984&amp;quot;,6378137.0,298.257223563]],PRIMEM[&amp;quot;Greenwich&amp;quot;,0.0],UNIT[&amp;quot;Degree&amp;quot;,0.0174532925199433]],PROJECTION[&amp;quot;Transverse_Mercator&amp;quot;],PARAMETER[&amp;quot;False_Easting&amp;quot;,500000.0],PARAMETER[&amp;quot;False_Northing&amp;quot;,10000000.0],PARAMETER[&amp;quot;Central_Meridian&amp;quot;,-57.0],PARAMETER[&amp;quot;Scale_Factor&amp;quot;,0.9996],PARAMETER[&amp;quot;Latitude_Of_Origin&amp;quot;,0.0],UNIT[&amp;quot;Meter&amp;quot;,1.0],AUTHORITY[&amp;quot;EPSG&amp;quot;,32721]]&lt;/WKT&gt;&lt;XOrigin&gt;-5120900&lt;/XOrigin&gt;&lt;YOrigin&gt;1900&lt;/YOrigin&gt;&lt;XYScale&gt;10000&lt;/XYScale&gt;&lt;ZOrigin&gt;-100000&lt;/ZOrigin&gt;&lt;ZScale&gt;10000&lt;/ZScale&gt;&lt;MOrigin&gt;-100000&lt;/MOrigin&gt;&lt;MScale&gt;10000&lt;/MScale&gt;&lt;XYTolerance&gt;0.001&lt;/XYTolerance&gt;&lt;ZTolerance&gt;0.001&lt;/ZTolerance&gt;&lt;MTolerance&gt;0.001&lt;/MTolerance&gt;&lt;HighPrecision&gt;true&lt;/HighPrecision&gt;&lt;WKID&gt;32721&lt;/WKID&gt;&lt;LatestWKID&gt;32721&lt;/LatestWKID&gt;&lt;/ProjectedCoordinateSystem&gt;</peXml></coordRef><lineage><Process ToolSource="c:\program files (x86)\arcgis\desktop10.5\ArcToolbox\Toolboxes\Data Management Tools.tbx\Merge" Date="20180119" Time="105839">Merge Export_Output_12;Export_Output_10 C:\Users\Leo\Documents\ArcGIS\Default.gdb\Export_Output_12_Merge "osm_id "osm_id" true true false 10 Text 0 0 ,First,#,Export_Output_12,osm_id,-1,-1;code "code" true true false 4 Long 0 0 ,First,#,Export_Output_12,code,-1,-1;fclass "fclass" true true false 20 Text 0 0 ,First,#,Export_Output_12,fclass,-1,-1;name "name" true true false 100 Text 0 0 ,First,#,Export_Output_12,name,-1,-1;ref "ref" true true false 20 Text 0 0 ,First,#,Export_Output_12,ref,-1,-1;oneway "oneway" true true false 1 Text 0 0 ,First,#,Export_Output_12,oneway,-1,-1;maxspeed "maxspeed" true true false 4 Long 0 0 ,First,#,Export_Output_12,maxspeed,-1,-1;layer "layer" true true false 8 Double 0 0 ,First,#,Export_Output_12,layer,-1,-1;bridge "bridge" true true false 1 Text 0 0 ,First,#,Export_Output_12,bridge,-1,-1;tunnel "tunnel" true true false 1 Text 0 0 ,First,#,Export_Output_12,tunnel,-1,-1;Shape_Length "Shape_Length" false true true 8 Double 0 0 ,First,#,Export_Output_12,Shape_Length,-1,-1,Export_Output_10,Shape_Length,-1,-1;codtrechor "codtrechor" true true false 27 Text 0 0 ,First,#,Export_Output_10,codtrechor,-1,-1;tipotrecho "tipotrecho" true true false 80 Text 0 0 ,First,#,Export_Output_10,tipotrecho,-1,-1;jurisdicao "jurisdicao" true true false 80 Text 0 0 ,First,#,Export_Output_10,jurisdicao,-1,-1;administra "administra" true true false 80 Text 0 0 ,First,#,Export_Output_10,administra,-1,-1;concession "concession" true true false 100 Text 0 0 ,First,#,Export_Output_10,concession,-1,-1;revestimen "revestimen" true true false 80 Text 0 0 ,First,#,Export_Output_10,revestimen,-1,-1;operaciona "operaciona" true true false 12 Text 0 0 ,First,#,Export_Output_10,operaciona,-1,-1;situacaofi "situacaofi" true true false 80 Text 0 0 ,First,#,Export_Output_10,situacaofi,-1,-1;nrpistas "nrpistas" true true false 4 Long 0 0 ,First,#,Export_Output_10,nrpistas,-1,-1;nrfaixas "nrfaixas" true true false 4 Long 0 0 ,First,#,Export_Output_10,nrfaixas,-1,-1;trafego "trafego" true true false 80 Text 0 0 ,First,#,Export_Output_10,trafego,-1,-1;capaccarga "capaccarga" true true false 8 Double 0 0 ,First,#,Export_Output_10,capaccarga,-1,-1;id_produto "id_produto" true true false 4 Long 0 0 ,First,#,Export_Output_10,id_produto,-1,-1;id_element "id_element" true true false 4 Long 0 0 ,First,#,Export_Output_10,id_element,-1,-1;geometriaa "geometriaa" true true false 4 Text 0 0 ,First,#,Export_Output_10,geometriaa,-1,-1;canteirodi "canteirodi" true true false 4 Text 0 0 ,First,#,Export_Output_10,canteirodi,-1,-1"</Process><Process ToolSource="c:\program files (x86)\arcgis\desktop10.5\ArcToolbox\Toolboxes\Conversion Tools.tbx\FeatureClassToFeatureClass" Date="20180119" Time="110014">FeatureClassToFeatureClass Export_Output_12_Merge "C:\Users\Leo\Dropbox (GeoAdaptive)\2017_044_BID_Alto_Parana_MASTER\GIS\Analysis\Road_Network\Topology.gdb" Caminos_principales_OP_IBGE_OSM # "osm_id "osm_id" true true false 10 Text 0 0 ,First,#,Export_Output_12_Merge,osm_id,-1,-1;code "code" true true false 4 Long 0 0 ,First,#,Export_Output_12_Merge,code,-1,-1;fclass "fclass" true true false 20 Text 0 0 ,First,#,Export_Output_12_Merge,fclass,-1,-1;name "name" true true false 100 Text 0 0 ,First,#,Export_Output_12_Merge,name,-1,-1;ref "ref" true true false 20 Text 0 0 ,First,#,Export_Output_12_Merge,ref,-1,-1;oneway "oneway" true true false 1 Text 0 0 ,First,#,Export_Output_12_Merge,oneway,-1,-1;maxspeed "maxspeed" true true false 4 Long 0 0 ,First,#,Export_Output_12_Merge,maxspeed,-1,-1;layer "layer" true true false 8 Double 0 0 ,First,#,Export_Output_12_Merge,layer,-1,-1;bridge "bridge" true true false 1 Text 0 0 ,First,#,Export_Output_12_Merge,bridge,-1,-1;tunnel "tunnel" true true false 1 Text 0 0 ,First,#,Export_Output_12_Merge,tunnel,-1,-1;codtrechor "codtrechor" true true false 27 Text 0 0 ,First,#,Export_Output_12_Merge,codtrechor,-1,-1;tipotrecho "tipotrecho" true true false 80 Text 0 0 ,First,#,Export_Output_12_Merge,tipotrecho,-1,-1;jurisdicao "jurisdicao" true true false 80 Text 0 0 ,First,#,Export_Output_12_Merge,jurisdicao,-1,-1;administra "administra" true true false 80 Text 0 0 ,First,#,Export_Output_12_Merge,administra,-1,-1;concession "concession" true true false 100 Text 0 0 ,First,#,Export_Output_12_Merge,concession,-1,-1;revestimen "revestimen" true true false 80 Text 0 0 ,First,#,Export_Output_12_Merge,revestimen,-1,-1;operaciona "operaciona" true true false 12 Text 0 0 ,First,#,Export_Output_12_Merge,operaciona,-1,-1;situacaofi "situacaofi" true true false 80 Text 0 0 ,First,#,Export_Output_12_Merge,situacaofi,-1,-1;nrpistas "nrpistas" true true false 4 Long 0 0 ,First,#,Export_Output_12_Merge,nrpistas,-1,-1;nrfaixas "nrfaixas" true true false 4 Long 0 0 ,First,#,Export_Output_12_Merge,nrfaixas,-1,-1;trafego "trafego" true true false 80 Text 0 0 ,First,#,Export_Output_12_Merge,trafego,-1,-1;capaccarga "capaccarga" true true false 8 Double 0 0 ,First,#,Export_Output_12_Merge,capaccarga,-1,-1;id_produto "id_produto" true true false 4 Long 0 0 ,First,#,Export_Output_12_Merge,id_produto,-1,-1;id_element "id_element" true true false 4 Long 0 0 ,First,#,Export_Output_12_Merge,id_element,-1,-1;geometriaa "geometriaa" true true false 4 Text 0 0 ,First,#,Export_Output_12_Merge,geometriaa,-1,-1;canteirodi "canteirodi" true true false 4 Text 0 0 ,First,#,Export_Output_12_Merge,canteirodi,-1,-1;Shape_Length "Shape_Length" false true true 8 Double 0 0 ,First,#,Export_Output_12_Merge,Shape_Length,-1,-1" #</Process><Process ToolSource="c:\program files (x86)\arcgis\desktop10.5\ArcToolbox\Toolboxes\Conversion Tools.tbx\FeatureClassToFeatureClass" Date="20180119" Time="110507">FeatureClassToFeatureClass "C:\Users\Leo\Dropbox (GeoAdaptive)\2017_044_BID_Alto_Parana_MASTER\GIS\Analysis\Road_Network\Topology.gdb\Caminos_principales_OP_IBGE_OSM" "C:\Users\Leo\Dropbox (GeoAdaptive)\2017_044_BID_Alto_Parana_MASTER\GIS\Analysis\Road_Network\Topology.gdb\Topology" Caminos_principales_OP_IBGE_OSM_ # "osm_id "osm_id" true true false 10 Text 0 0 ,First,#,C:\Users\Leo\Dropbox (GeoAdaptive)\2017_044_BID_Alto_Parana_MASTER\GIS\Analysis\Road_Network\Topology.gdb\Caminos_principales_OP_IBGE_OSM,osm_id,-1,-1;code "code" true true false 4 Long 0 0 ,First,#,C:\Users\Leo\Dropbox (GeoAdaptive)\2017_044_BID_Alto_Parana_MASTER\GIS\Analysis\Road_Network\Topology.gdb\Caminos_principales_OP_IBGE_OSM,code,-1,-1;fclass "fclass" true true false 20 Text 0 0 ,First,#,C:\Users\Leo\Dropbox (GeoAdaptive)\2017_044_BID_Alto_Parana_MASTER\GIS\Analysis\Road_Network\Topology.gdb\Caminos_principales_OP_IBGE_OSM,fclass,-1,-1;name "name" true true false 100 Text 0 0 ,First,#,C:\Users\Leo\Dropbox (GeoAdaptive)\2017_044_BID_Alto_Parana_MASTER\GIS\Analysis\Road_Network\Topology.gdb\Caminos_principales_OP_IBGE_OSM,name,-1,-1;ref "ref" true true false 20 Text 0 0 ,First,#,C:\Users\Leo\Dropbox (GeoAdaptive)\2017_044_BID_Alto_Parana_MASTER\GIS\Analysis\Road_Network\Topology.gdb\Caminos_principales_OP_IBGE_OSM,ref,-1,-1;oneway "oneway" true true false 1 Text 0 0 ,First,#,C:\Users\Leo\Dropbox (GeoAdaptive)\2017_044_BID_Alto_Parana_MASTER\GIS\Analysis\Road_Network\Topology.gdb\Caminos_principales_OP_IBGE_OSM,oneway,-1,-1;maxspeed "maxspeed" true true false 4 Long 0 0 ,First,#,C:\Users\Leo\Dropbox (GeoAdaptive)\2017_044_BID_Alto_Parana_MASTER\GIS\Analysis\Road_Network\Topology.gdb\Caminos_principales_OP_IBGE_OSM,maxspeed,-1,-1;layer "layer" true true false 8 Double 0 0 ,First,#,C:\Users\Leo\Dropbox (GeoAdaptive)\2017_044_BID_Alto_Parana_MASTER\GIS\Analysis\Road_Network\Topology.gdb\Caminos_principales_OP_IBGE_OSM,layer,-1,-1;bridge "bridge" true true false 1 Text 0 0 ,First,#,C:\Users\Leo\Dropbox (GeoAdaptive)\2017_044_BID_Alto_Parana_MASTER\GIS\Analysis\Road_Network\Topology.gdb\Caminos_principales_OP_IBGE_OSM,bridge,-1,-1;tunnel "tunnel" true true false 1 Text 0 0 ,First,#,C:\Users\Leo\Dropbox (GeoAdaptive)\2017_044_BID_Alto_Parana_MASTER\GIS\Analysis\Road_Network\Topology.gdb\Caminos_principales_OP_IBGE_OSM,tunnel,-1,-1;codtrechor "codtrechor" true true false 27 Text 0 0 ,First,#,C:\Users\Leo\Dropbox (GeoAdaptive)\2017_044_BID_Alto_Parana_MASTER\GIS\Analysis\Road_Network\Topology.gdb\Caminos_principales_OP_IBGE_OSM,codtrechor,-1,-1;tipotrecho "tipotrecho" true true false 80 Text 0 0 ,First,#,C:\Users\Leo\Dropbox (GeoAdaptive)\2017_044_BID_Alto_Parana_MASTER\GIS\Analysis\Road_Network\Topology.gdb\Caminos_principales_OP_IBGE_OSM,tipotrecho,-1,-1;jurisdicao "jurisdicao" true true false 80 Text 0 0 ,First,#,C:\Users\Leo\Dropbox (GeoAdaptive)\2017_044_BID_Alto_Parana_MASTER\GIS\Analysis\Road_Network\Topology.gdb\Caminos_principales_OP_IBGE_OSM,jurisdicao,-1,-1;administra "administra" true true false 80 Text 0 0 ,First,#,C:\Users\Leo\Dropbox (GeoAdaptive)\2017_044_BID_Alto_Parana_MASTER\GIS\Analysis\Road_Network\Topology.gdb\Caminos_principales_OP_IBGE_OSM,administra,-1,-1;concession "concession" true true false 100 Text 0 0 ,First,#,C:\Users\Leo\Dropbox (GeoAdaptive)\2017_044_BID_Alto_Parana_MASTER\GIS\Analysis\Road_Network\Topology.gdb\Caminos_principales_OP_IBGE_OSM,concession,-1,-1;revestimen "revestimen" true true false 80 Text 0 0 ,First,#,C:\Users\Leo\Dropbox (GeoAdaptive)\2017_044_BID_Alto_Parana_MASTER\GIS\Analysis\Road_Network\Topology.gdb\Caminos_principales_OP_IBGE_OSM,revestimen,-1,-1;operaciona "operaciona" true true false 12 Text 0 0 ,First,#,C:\Users\Leo\Dropbox (GeoAdaptive)\2017_044_BID_Alto_Parana_MASTER\GIS\Analysis\Road_Network\Topology.gdb\Caminos_principales_OP_IBGE_OSM,operaciona,-1,-1;situacaofi "situacaofi" true true false 80 Text 0 0 ,First,#,C:\Users\Leo\Dropbox (GeoAdaptive)\2017_044_BID_Alto_Parana_MASTER\GIS\Analysis\Road_Network\Topology.gdb\Caminos_principales_OP_IBGE_OSM,situacaofi,-1,-1;nrpistas "nrpistas" true true false 4 Long 0 0 ,First,#,C:\Users\Leo\Dropbox (GeoAdaptive)\2017_044_BID_Alto_Parana_MASTER\GIS\Analysis\Road_Network\Topology.gdb\Caminos_principales_OP_IBGE_OSM,nrpistas,-1,-1;nrfaixas "nrfaixas" true true false 4 Long 0 0 ,First,#,C:\Users\Leo\Dropbox (GeoAdaptive)\2017_044_BID_Alto_Parana_MASTER\GIS\Analysis\Road_Network\Topology.gdb\Caminos_principales_OP_IBGE_OSM,nrfaixas,-1,-1;trafego "trafego" true true false 80 Text 0 0 ,First,#,C:\Users\Leo\Dropbox (GeoAdaptive)\2017_044_BID_Alto_Parana_MASTER\GIS\Analysis\Road_Network\Topology.gdb\Caminos_principales_OP_IBGE_OSM,trafego,-1,-1;capaccarga "capaccarga" true true false 8 Double 0 0 ,First,#,C:\Users\Leo\Dropbox (GeoAdaptive)\2017_044_BID_Alto_Parana_MASTER\GIS\Analysis\Road_Network\Topology.gdb\Caminos_principales_OP_IBGE_OSM,capaccarga,-1,-1;id_produto "id_produto" true true false 4 Long 0 0 ,First,#,C:\Users\Leo\Dropbox (GeoAdaptive)\2017_044_BID_Alto_Parana_MASTER\GIS\Analysis\Road_Network\Topology.gdb\Caminos_principales_OP_IBGE_OSM,id_produto,-1,-1;id_element "id_element" true true false 4 Long 0 0 ,First,#,C:\Users\Leo\Dropbox (GeoAdaptive)\2017_044_BID_Alto_Parana_MASTER\GIS\Analysis\Road_Network\Topology.gdb\Caminos_principales_OP_IBGE_OSM,id_element,-1,-1;geometriaa "geometriaa" true true false 4 Text 0 0 ,First,#,C:\Users\Leo\Dropbox (GeoAdaptive)\2017_044_BID_Alto_Parana_MASTER\GIS\Analysis\Road_Network\Topology.gdb\Caminos_principales_OP_IBGE_OSM,geometriaa,-1,-1;canteirodi "canteirodi" true true false 4 Text 0 0 ,First,#,C:\Users\Leo\Dropbox (GeoAdaptive)\2017_044_BID_Alto_Parana_MASTER\GIS\Analysis\Road_Network\Topology.gdb\Caminos_principales_OP_IBGE_OSM,canteirodi,-1,-1;Shape_Length "Shape_Length" false true true 8 Double 0 0 ,First,#,C:\Users\Leo\Dropbox (GeoAdaptive)\2017_044_BID_Alto_Parana_MASTER\GIS\Analysis\Road_Network\Topology.gdb\Caminos_principales_OP_IBGE_OSM,Shape_Length,-1,-1" #</Process></lineage></DataProperties><SyncDate>20180119</SyncDate><SyncTime>11050500</SyncTime><ModDate>20180119</ModDate><ModTime>11050500</ModTime></Esri><dataIdInfo><envirDesc Sync="TRUE"> Version 6.2 (Build 9200) ; Esri ArcGIS 10.5.1.7333</envirDesc><dataLang><languageCode value="eng" Sync="TRUE"></languageCode><countryCode value="USA" Sync="TRUE"></countryCode></dataLang><idCitation><resTitle Sync="TRUE">Caminos_principales_OP_IBGE_OSM_</resTitle><presForm><PresFormCd value="005" Sync="TRUE"></PresFormCd></presForm></idCitation><spatRpType><SpatRepTypCd value="001" Sync="TRUE"></SpatRepTypCd></spatRpType></dataIdInfo><mdLang><languageCode value="eng" Sync="TRUE"></languageCode><countryCode value="USA" Sync="TRUE"></countryCode></mdLang><mdChar><CharSetCd value="004" Sync="TRUE"></CharSetCd></mdChar><distInfo><distFormat><formatName Sync="TRUE">File Geodatabase Feature Class</formatName></distFormat><distTranOps><transSize Sync="TRUE">0.000</transSize></distTranOps></distInfo><mdHrLv><ScopeCd value="005" Sync="TRUE"></ScopeCd></mdHrLv><mdHrLvName Sync="TRUE">dataset</mdHrLvName><refSysInfo><RefSystem><refSysID><identCode code="32721" Sync="TRUE"></identCode><idCodeSpace Sync="TRUE">EPSG</idCodeSpace><idVersion Sync="TRUE">2.1(3.0.1)</idVersion></refSysID></RefSystem></refSysInfo><spatRepInfo><VectSpatRep><geometObjs Name="Caminos_principales_OP_IBGE_OSM_"><geoObjTyp><GeoObjTypCd value="002" Sync="TRUE"></GeoObjTypCd></geoObjTyp><geoObjCnt Sync="TRUE">0</geoObjCnt></geometObjs><topLvl><TopoLevCd value="001" Sync="TRUE"></TopoLevCd></topLvl></VectSpatRep></spatRepInfo><spdoinfo><ptvctinf><esriterm Name="Caminos_principales_OP_IBGE_OSM_"><efeatyp Sync="TRUE">Simple</efeatyp><efeageom code="3" Sync="TRUE"></efeageom><esritopo Sync="TRUE">FALSE</esritopo><efeacnt Sync="TRUE">0</efeacnt><spindex Sync="TRUE">TRUE</spindex><linrefer Sync="TRUE">TRUE</linrefer></esriterm></ptvctinf></spdoinfo><eainfo><detailed Name="Caminos_principales_OP_IBGE_OSM_"><enttyp><enttypl Sync="TRUE">Caminos_principales_OP_IBGE_OSM_</enttypl><enttypt Sync="TRUE">Feature Class</enttypt><enttypc Sync="TRUE">0</enttypc></enttyp><attr><attrlabl Sync="TRUE">OBJECTID</attrlabl><attalias Sync="TRUE">OBJECTID</attalias><attrtype Sync="TRUE">OID</attrtype><attwidth Sync="TRUE">4</attwidth><atprecis Sync="TRUE">0</atprecis><attscale Sync="TRUE">0</attscale><attrdef Sync="TRUE">Internal feature number.</attrdef><attrdefs Sync="TRUE">Esri</attrdefs><attrdomv><udom Sync="TRUE">Sequential unique whole numbers that are automatically generated.</udom></attrdomv></attr><attr><attrlabl Sync="TRUE">Shape</attrlabl><attalias Sync="TRUE">Shape</attalias><attrtype Sync="TRUE">Geometry</attrtype><attwidth Sync="TRUE">0</attwidth><atprecis Sync="TRUE">0</atprecis><attscale Sync="TRUE">0</attscale><attrdef Sync="TRUE">Feature geometry.</attrdef><attrdefs Sync="TRUE">Esri</attrdefs><attrdomv><udom Sync="TRUE">Coordinates defining the features.</udom></attrdomv></attr><attr><attrlabl Sync="TRUE">osm_id</attrlabl><attalias Sync="TRUE">osm_id</attalias><attrtype Sync="TRUE">String</attrtype><attwidth Sync="TRUE">10</attwidth><atprecis Sync="TRUE">0</atprecis><attscale Sync="TRUE">0</attscale></attr><attr><attrlabl Sync="TRUE">code</attrlabl><attalias Sync="TRUE">code</attalias><attrtype Sync="TRUE">Integer</attrtype><attwidth Sync="TRUE">4</attwidth><atprecis Sync="TRUE">0</atprecis><attscale Sync="TRUE">0</attscale></attr><attr><attrlabl Sync="TRUE">fclass</attrlabl><attalias Sync="TRUE">fclass</attalias><attrtype Sync="TRUE">String</attrtype><attwidth Sync="TRUE">20</attwidth><atprecis Sync="TRUE">0</atprecis><attscale Sync="TRUE">0</attscale></attr><attr><attrlabl Sync="TRUE">name</attrlabl><attalias Sync="TRUE">name</attalias><attrtype Sync="TRUE">String</attrtype><attwidth Sync="TRUE">100</attwidth><atprecis Sync="TRUE">0</atprecis><attscale Sync="TRUE">0</attscale></attr><attr><attrlabl Sync="TRUE">ref</attrlabl><attalias Sync="TRUE">ref</attalias><attrtype Sync="TRUE">String</attrtype><attwidth Sync="TRUE">20</attwidth><atprecis Sync="TRUE">0</atprecis><attscale Sync="TRUE">0</attscale></attr><attr><attrlabl Sync="TRUE">oneway</attrlabl><attalias Sync="TRUE">oneway</attalias><attrtype Sync="TRUE">String</attrtype><attwidth Sync="TRUE">1</attwidth><atprecis Sync="TRUE">0</atprecis><attscale Sync="TRUE">0</attscale></attr><attr><attrlabl Sync="TRUE">maxspeed</attrlabl><attalias Sync="TRUE">maxspeed</attalias><attrtype Sync="TRUE">Integer</attrtype><attwidth Sync="TRUE">4</attwidth><atprecis Sync="TRUE">0</atprecis><attscale Sync="TRUE">0</attscale></attr><attr><attrlabl Sync="TRUE">layer</attrlabl><attalias Sync="TRUE">layer</attalias><attrtype Sync="TRUE">Double</attrtype><attwidth Sync="TRUE">8</attwidth><atprecis Sync="TRUE">0</atprecis><attscale Sync="TRUE">0</attscale></attr><attr><attrlabl Sync="TRUE">bridge</attrlabl><attalias Sync="TRUE">bridge</attalias><attrtype Sync="TRUE">String</attrtype><attwidth Sync="TRUE">1</attwidth><atprecis Sync="TRUE">0</atprecis><attscale Sync="TRUE">0</attscale></attr><attr><attrlabl Sync="TRUE">tunnel</attrlabl><attalias Sync="TRUE">tunnel</attalias><attrtype Sync="TRUE">String</attrtype><attwidth Sync="TRUE">1</attwidth><atprecis Sync="TRUE">0</atprecis><attscale Sync="TRUE">0</attscale></attr><attr><attrlabl Sync="TRUE">codtrechor</attrlabl><attalias Sync="TRUE">codtrechor</attalias><attrtype Sync="TRUE">String</attrtype><attwidth Sync="TRUE">27</attwidth><atprecis Sync="TRUE">0</atprecis><attscale Sync="TRUE">0</attscale></attr><attr><attrlabl Sync="TRUE">tipotrecho</attrlabl><attalias Sync="TRUE">tipotrecho</attalias><attrtype Sync="TRUE">String</attrtype><attwidth Sync="TRUE">80</attwidth><atprecis Sync="TRUE">0</atprecis><attscale Sync="TRUE">0</attscale></attr><attr><attrlabl Sync="TRUE">jurisdicao</attrlabl><attalias Sync="TRUE">jurisdicao</attalias><attrtype Sync="TRUE">String</attrtype><attwidth Sync="TRUE">80</attwidth><atprecis Sync="TRUE">0</atprecis><attscale Sync="TRUE">0</attscale></attr><attr><attrlabl Sync="TRUE">administra</attrlabl><attalias Sync="TRUE">administra</attalias><attrtype Sync="TRUE">String</attrtype><attwidth Sync="TRUE">80</attwidth><atprecis Sync="TRUE">0</atprecis><attscale Sync="TRUE">0</attscale></attr><attr><attrlabl Sync="TRUE">concession</attrlabl><attalias Sync="TRUE">concession</attalias><attrtype Sync="TRUE">String</attrtype><attwidth Sync="TRUE">100</attwidth><atprecis Sync="TRUE">0</atprecis><attscale Sync="TRUE">0</attscale></attr><attr><attrlabl Sync="TRUE">revestimen</attrlabl><attalias Sync="TRUE">revestimen</attalias><attrtype Sync="TRUE">String</attrtype><attwidth Sync="TRUE">80</attwidth><atprecis Sync="TRUE">0</atprecis><attscale Sync="TRUE">0</attscale></attr><attr><attrlabl Sync="TRUE">operaciona</attrlabl><attalias Sync="TRUE">operaciona</attalias><attrtype Sync="TRUE">String</attrtype><attwidth Sync="TRUE">12</attwidth><atprecis Sync="TRUE">0</atprecis><attscale Sync="TRUE">0</attscale></attr><attr><attrlabl Sync="TRUE">situacaofi</attrlabl><attalias Sync="TRUE">situacaofi</attalias><attrtype Sync="TRUE">String</attrtype><attwidth Sync="TRUE">80</attwidth><atprecis Sync="TRUE">0</atprecis><attscale Sync="TRUE">0</attscale></attr><attr><attrlabl Sync="TRUE">nrpistas</attrlabl><attalias Sync="TRUE">nrpistas</attalias><attrtype Sync="TRUE">Integer</attrtype><attwidth Sync="TRUE">4</attwidth><atprecis Sync="TRUE">0</atprecis><attscale Sync="TRUE">0</attscale></attr><attr><attrlabl Sync="TRUE">nrfaixas</attrlabl><attalias Sync="TRUE">nrfaixas</attalias><attrtype Sync="TRUE">Integer</attrtype><attwidth Sync="TRUE">4</attwidth><atprecis Sync="TRUE">0</atprecis><attscale Sync="TRUE">0</attscale></attr><attr><attrlabl Sync="TRUE">trafego</attrlabl><attalias Sync="TRUE">trafego</attalias><attrtype Sync="TRUE">String</attrtype><attwidth Sync="TRUE">80</attwidth><atprecis Sync="TRUE">0</atprecis><attscale Sync="TRUE">0</attscale></attr><attr><attrlabl Sync="TRUE">capaccarga</attrlabl><attalias Sync="TRUE">capaccarga</attalias><attrtype Sync="TRUE">Double</attrtype><attwidth Sync="TRUE">8</attwidth><atprecis Sync="TRUE">0</atprecis><attscale Sync="TRUE">0</attscale></attr><attr><attrlabl Sync="TRUE">id_produto</attrlabl><attalias Sync="TRUE">id_produto</attalias><attrtype Sync="TRUE">Integer</attrtype><attwidth Sync="TRUE">4</attwidth><atprecis Sync="TRUE">0</atprecis><attscale Sync="TRUE">0</attscale></attr><attr><attrlabl Sync="TRUE">id_element</attrlabl><attalias Sync="TRUE">id_element</attalias><attrtype Sync="TRUE">Integer</attrtype><attwidth Sync="TRUE">4</attwidth><atprecis Sync="TRUE">0</atprecis><attscale Sync="TRUE">0</attscale></attr><attr><attrlabl Sync="TRUE">geometriaa</attrlabl><attalias Sync="TRUE">geometriaa</attalias><attrtype Sync="TRUE">String</attrtype><attwidth Sync="TRUE">4</attwidth><atprecis Sync="TRUE">0</atprecis><attscale Sync="TRUE">0</attscale></attr><attr><attrlabl Sync="TRUE">canteirodi</attrlabl><attalias Sync="TRUE">canteirodi</attalias><attrtype Sync="TRUE">String</attrtype><attwidth Sync="TRUE">4</attwidth><atprecis Sync="TRUE">0</atprecis><attscale Sync="TRUE">0</attscale></attr><attr><attrlabl Sync="TRUE">Shape_Length</attrlabl><attalias Sync="TRUE">Shape_Length</attalias><attrtype Sync="TRUE">Double</attrtype><attwidth Sync="TRUE">8</attwidth><atprecis Sync="TRUE">0</atprecis><attscale Sync="TRUE">0</attscale><attrdef Sync="TRUE">Length of feature in internal units.</attrdef><attrdefs Sync="TRUE">Esri</attrdefs><attrdomv><udom Sync="TRUE">Positive real numbers that are automatically generated.</udom></attrdomv></attr></detailed></eainfo><mdDateSt Sync="TRUE">20180119</mdDateSt></metadata>
