<?xml version="1.0" encoding="UTF-8"?>
<metadata xml:lang="en"><Esri><CreaDate>20180817</CreaDate><CreaTime>17571700</CreaTime><ArcGISFormat>1.0</ArcGISFormat><SyncOnce>FALSE</SyncOnce><DataProperties><lineage><Process ToolSource="c:\program files (x86)\arcgis\desktop10.5\ArcToolbox\Toolboxes\Data Management Tools.tbx\CalculateField" Date="20180209" Time="184953">CalculateField ECON_Empleo_AP_DGEEC_MAG_2011_PRY TOT_EMP "[AGRI_EMP] + [IND_EMP] + [COM_EMP] + [SERV_EMP]" VB #</Process><Process ToolSource="c:\program files (x86)\arcgis\desktop10.5\ArcToolbox\Toolboxes\Data Management Tools.tbx\CalculateField" Date="20180209" Time="185012">CalculateField ECON_Empleo_AP_DGEEC_MAG_2011_PRY TOT_FIRM "[AGRI_FIRM] + [IND_FIRM] + [COM_FIRM] + [SERV_FIRM]" VB #</Process><Process ToolSource="c:\program files (x86)\arcgis\desktop10.5\ArcToolbox\Toolboxes\Data Management Tools.tbx\CalculateField" Date="20180209" Time="190441">CalculateField ECON_Empleo_AP_DGEEC_MAG_2011_PRY PCT_EMP "[TOT_EMP] / [A15_64] *100" VB #</Process><Process ToolSource="c:\program files (x86)\arcgis\desktop10.5\ArcToolbox\Toolboxes\Data Management Tools.tbx\CalculateField" Date="20180209" Time="210835">CalculateField "New Group Layer\Concentración económica: Agricultura" CONCENT_AG "[AGRI_EMP] / [TOT_EMP]" VB #</Process><Process ToolSource="c:\program files (x86)\arcgis\desktop10.5\ArcToolbox\Toolboxes\Data Management Tools.tbx\CalculateField" Date="20180209" Time="210851">CalculateField "New Group Layer\Concentración económica: Agricultura" CONCENT_IN "[AGRI_EMP] / [A15_64]" VB #</Process><Process ToolSource="c:\program files (x86)\arcgis\desktop10.5\ArcToolbox\Toolboxes\Data Management Tools.tbx\CalculateField" Date="20180209" Time="210904">CalculateField "New Group Layer\Concentración económica: Agricultura" CONCENT_AG "[AGRI_EMP] / [A15_64]" VB #</Process><Process ToolSource="c:\program files (x86)\arcgis\desktop10.5\ArcToolbox\Toolboxes\Data Management Tools.tbx\CalculateField" Date="20180209" Time="210944">CalculateField "New Group Layer\Concentración económica: Agricultura" CONCENT_AG "[AGRI_EMP] / [A15_64]" VB #</Process><Process ToolSource="c:\program files (x86)\arcgis\desktop10.5\ArcToolbox\Toolboxes\Data Management Tools.tbx\CalculateField" Date="20180209" Time="210952">CalculateField "New Group Layer\Concentración económica: Agricultura" CONCENT_IN "[IND_EMP] / [A15_64]" VB #</Process><Process ToolSource="c:\program files (x86)\arcgis\desktop10.5\ArcToolbox\Toolboxes\Data Management Tools.tbx\CalculateField" Date="20180209" Time="211001">CalculateField "New Group Layer\Concentración económica: Agricultura" CONCENT_CO "[COM_EMP] / [A15_64]" VB #</Process><Process ToolSource="c:\program files (x86)\arcgis\desktop10.5\ArcToolbox\Toolboxes\Data Management Tools.tbx\CalculateField" Date="20180209" Time="211017">CalculateField "New Group Layer\Concentración económica: Agricultura" CONCENT_SE "[SERV_EMP] / [A15_64]" VB #</Process><Process ToolSource="c:\program files (x86)\arcgis\desktop10.5\ArcToolbox\Toolboxes\Data Management Tools.tbx\CalculateField" Date="20180209" Time="212908">CalculateField "New Group Layer\Concentración económica: Agricultura" HIGH_CONCE max( [ !CONCENT_AG! , !CONCENT_IN! , !CONCENT_CO! , !CONCENT_SE!] ) PYTHON_9.3 #</Process><Process ToolSource="c:\program files (x86)\arcgis\desktop10.5\ArcToolbox\Toolboxes\Data Management Tools.tbx\CalculateField" Date="20180209" Time="213101">CalculateField "New Group Layer\Concentración económica: Agricultura" SECTOR_CON "Agricultura" VB #</Process><Process ToolSource="c:\program files (x86)\arcgis\desktop10.5\ArcToolbox\Toolboxes\Data Management Tools.tbx\CalculateField" Date="20180209" Time="213200">CalculateField "New Group Layer\Concentración económica: Agricultura" SECTOR_CON "Comercio" VB #</Process><Process ToolSource="c:\program files (x86)\arcgis\desktop10.5\ArcToolbox\Toolboxes\Data Management Tools.tbx\CalculateField" Date="20180209" Time="221621">CalculateField "AP\Concentración económica: Agricultura" SECTOR_CON "Servicios" VB #</Process><Process ToolSource="c:\program files (x86)\arcgis\desktop10.5\ArcToolbox\Toolboxes\Data Management Tools.tbx\CalculateField" Date="20180209" Time="221646">CalculateField "AP\Concentración económica: Agricultura" SECTOR_CON "Industria" VB #</Process><Process ToolSource="c:\program files (x86)\arcgis\desktop10.5\ArcToolbox\Toolboxes\Data Management Tools.tbx\CalculateField" Date="20180209" Time="221722">CalculateField "AP\Concentración económica: Agricultura" SECTOR_CON "Industria" VB #</Process><Process ToolSource="c:\program files (x86)\arcgis\desktop10.5\ArcToolbox\Toolboxes\Data Management Tools.tbx\CalculateField" Date="20180209" Time="221754">CalculateField "AP\Concentración económica: Agricultura" SECTOR_CON "" VB #</Process><Process ToolSource="c:\program files (x86)\arcgis\desktop10.5\ArcToolbox\Toolboxes\Data Management Tools.tbx\Merge" Date="20180301" Time="201414">Merge Low_Employment_AP;Low_Employment_OP "C:\Users\Leo\Dropbox (GeoAdaptive)\2017_044_BID_Alto_Parana_MASTER\GIS\Analysis\Employment\Low_Employment_ZF.shp" "IDUSCO "IDUSCO" true true false 19 Double 0 0 ,First,#,Low_Employment_AP,IDUSCO,-1,-1;ACC "ACC" true true false 19 Double 0 0 ,First,#,Low_Employment_AP,ACC,-1,-1;NAM "NAM" true true false 100 Text 0 0 ,First,#,Low_Employment_AP,NAM,-1,-1;ZJM "ZJM" true true false 100 Text 0 0 ,First,#,Low_Employment_AP,ZJM,-1,-1;ZPP "ZPP" true true false 19 Double 0 0 ,First,#,Low_Employment_AP,ZPP,-1,-1;ACC_LBL "ACC_LBL" true true false 100 Text 0 0 ,First,#,Low_Employment_AP,ACC_LBL,-1,-1;ZPP_LBL "ZPP_LBL" true true false 100 Text 0 0 ,First,#,Low_Employment_AP,ZPP_LBL,-1,-1;OBS "OBS" true true false 50 Text 0 0 ,First,#,Low_Employment_AP,OBS,-1,-1;Department "Department" true true false 254 Text 0 0 ,First,#,Low_Employment_AP,Department,-1,-1;District_J "District_J" true true false 254 Text 0 0 ,First,#,Low_Employment_AP,District_J,-1,-1;District "District" true true false 254 Text 0 0 ,First,#,Low_Employment_AP,District,-1,-1;A0_4 "A0_4" true true false 19 Double 0 0 ,First,#,Low_Employment_AP,A0_4,-1,-1,Low_Employment_OP,A0_4,-1,-1;A5_9 "A5_9" true true false 19 Double 0 0 ,First,#,Low_Employment_AP,A5_9,-1,-1,Low_Employment_OP,A5_9,-1,-1;A10_14 "A10_14" true true false 19 Double 0 0 ,First,#,Low_Employment_AP,A10_14,-1,-1,Low_Employment_OP,A10_14,-1,-1;A15_19 "A15_19" true true false 19 Double 0 0 ,First,#,Low_Employment_AP,A15_19,-1,-1,Low_Employment_OP,A15_19,-1,-1;A20_24 "A20_24" true true false 19 Double 0 0 ,First,#,Low_Employment_AP,A20_24,-1,-1,Low_Employment_OP,A20_24,-1,-1;A25_29 "A25_29" true true false 19 Double 0 0 ,First,#,Low_Employment_AP,A25_29,-1,-1,Low_Employment_OP,A25_29,-1,-1;A30_34 "A30_34" true true false 19 Double 0 0 ,First,#,Low_Employment_AP,A30_34,-1,-1,Low_Employment_OP,A30_34,-1,-1;A35_39 "A35_39" true true false 19 Double 0 0 ,First,#,Low_Employment_AP,A35_39,-1,-1,Low_Employment_OP,A35_39,-1,-1;A40_44 "A40_44" true true false 19 Double 0 0 ,First,#,Low_Employment_AP,A40_44,-1,-1,Low_Employment_OP,A40_44,-1,-1;A45_49 "A45_49" true true false 19 Double 0 0 ,First,#,Low_Employment_AP,A45_49,-1,-1,Low_Employment_OP,A45_49,-1,-1;A50_54 "A50_54" true true false 19 Double 0 0 ,First,#,Low_Employment_AP,A50_54,-1,-1,Low_Employment_OP,A50_54,-1,-1;A55_59 "A55_59" true true false 19 Double 0 0 ,First,#,Low_Employment_AP,A55_59,-1,-1,Low_Employment_OP,A55_59,-1,-1;A60_64 "A60_64" true true false 19 Double 0 0 ,First,#,Low_Employment_AP,A60_64,-1,-1,Low_Employment_OP,A60_64,-1,-1;A65_69 "A65_69" true true false 19 Double 0 0 ,First,#,Low_Employment_AP,A65_69,-1,-1,Low_Employment_OP,A65_69,-1,-1;A70_74 "A70_74" true true false 19 Double 0 0 ,First,#,Low_Employment_AP,A70_74,-1,-1,Low_Employment_OP,A70_74,-1,-1;A75_79 "A75_79" true true false 19 Double 0 0 ,First,#,Low_Employment_AP,A75_79,-1,-1,Low_Employment_OP,A75_79,-1,-1;A80_ "A80_" true true false 19 Double 0 0 ,First,#,Low_Employment_AP,A80_,-1,-1,Low_Employment_OP,A80_,-1,-1;Total_pop "Total_pop" true true false 10 Long 0 10 ,First,#,Low_Employment_AP,Total_pop,-1,-1,Low_Employment_OP,TOTAL_POP,-1,-1;A15_64 "A15_64" true true false 10 Long 0 10 ,First,#,Low_Employment_AP,A15_64,-1,-1,Low_Employment_OP,A15_64,-1,-1;other "other" true true false 19 Double 0 0 ,First,#,Low_Employment_AP,other,-1,-1;MUN_DIST "MUN_DIST" true true false 50 Text 0 0 ,First,#,Low_Employment_AP,MUN_DIST,-1,-1,Low_Employment_OP,MUN_DIST,-1,-1;Area_km2 "Area_km2" true true false 19 Double 0 0 ,First,#,Low_Employment_AP,Area_km2,-1,-1,Low_Employment_OP,Area_km2,-1,-1;Density_km "Density_km" true true false 19 Double 0 0 ,First,#,Low_Employment_AP,Density_km,-1,-1,Low_Employment_OP,Density_km,-1,-1;CODIGO "CODIGO" true true false 50 Text 0 0 ,First,#,Low_Employment_AP,CODIGO,-1,-1,Low_Employment_OP,CODIGO,-1,-1;REGIAO "REGIAO" true true false 50 Text 0 0 ,First,#,Low_Employment_AP,REGIAO,-1,-1,Low_Employment_OP,REGIAO,-1,-1;DISTRITO "DISTRITO" true true false 254 Text 0 0 ,First,#,Low_Employment_AP,DISTRITO,-1,-1;AGRI_EMP "AGRI_EMP" true true false 19 Double 0 0 ,First,#,Low_Employment_AP,AGRI_EMP,-1,-1,Low_Employment_OP,AGRI_EMP,-1,-1;AGRI_FIRM "AGRI_FIRM" true true false 19 Double 0 0 ,First,#,Low_Employment_AP,AGRI_FIRM,-1,-1,Low_Employment_OP,AGRI_FIRM,-1,-1;IND_EMP "IND_EMP" true true false 19 Double 0 0 ,First,#,Low_Employment_AP,IND_EMP,-1,-1,Low_Employment_OP,IND_EMP,-1,-1;IND_FIRM "IND_FIRM" true true false 19 Double 0 0 ,First,#,Low_Employment_AP,IND_FIRM,-1,-1,Low_Employment_OP,IND_FIRM,-1,-1;COM_EMP "COM_EMP" true true false 19 Double 0 0 ,First,#,Low_Employment_AP,COM_EMP,-1,-1,Low_Employment_OP,COM_EMP,-1,-1;COM_FIRM "COM_FIRM" true true false 19 Double 0 0 ,First,#,Low_Employment_AP,COM_FIRM,-1,-1,Low_Employment_OP,COM_FIRM,-1,-1;SERV_EMP "SERV_EMP" true true false 19 Double 0 0 ,First,#,Low_Employment_AP,SERV_EMP,-1,-1,Low_Employment_OP,SERV_EMP,-1,-1;SERV_FIRM "SERV_FIRM" true true false 19 Double 0 0 ,First,#,Low_Employment_AP,SERV_FIRM,-1,-1,Low_Employment_OP,SERV_FIRM,-1,-1;TOT_EMP "TOT_EMP" true true false 19 Double 0 0 ,First,#,Low_Employment_AP,TOT_EMP,-1,-1,Low_Employment_OP,TOT_EMP,-1,-1;TOT_FIRM "TOT_FIRM" true true false 19 Double 0 0 ,First,#,Low_Employment_AP,TOT_FIRM,-1,-1,Low_Employment_OP,TOT_FIRM,-1,-1;PCT_EMP "PCT_EMP" true true false 19 Double 0 0 ,First,#,Low_Employment_AP,PCT_EMP,-1,-1,Low_Employment_OP,PCT_EMP,-1,-1;CONCENT_AG "CONCENT_AG" true true false 19 Double 0 0 ,First,#,Low_Employment_AP,CONCENT_AG,-1,-1;CONCENT_IN "CONCENT_IN" true true false 19 Double 0 0 ,First,#,Low_Employment_AP,CONCENT_IN,-1,-1;CONCENT_CO "CONCENT_CO" true true false 19 Double 0 0 ,First,#,Low_Employment_AP,CONCENT_CO,-1,-1;CONCENT_SE "CONCENT_SE" true true false 19 Double 0 0 ,First,#,Low_Employment_AP,CONCENT_SE,-1,-1;HIGH_CONCE "HIGH_CONCE" true true false 19 Double 0 0 ,First,#,Low_Employment_AP,HIGH_CONCE,-1,-1;SECTOR_CON "SECTOR_CON" true true false 50 Text 0 0 ,First,#,Low_Employment_AP,SECTOR_CON,-1,-1;OBJECTID "OBJECTID" true true false 10 Long 0 10 ,First,#,Low_Employment_OP,OBJECTID,-1,-1;ID "ID" true true false 19 Double 0 0 ,First,#,Low_Employment_OP,ID,-1,-1;area "area" true true false 10 Long 0 10 ,First,#,Low_Employment_OP,area,-1,-1;MUN "MUN" true true false 254 Text 0 0 ,First,#,Low_Employment_OP,MUN,-1,-1;COD_IBGE "COD_IBGE" true true false 254 Text 0 0 ,First,#,Low_Employment_OP,COD_IBGE,-1,-1"</Process></lineage><itemProps><itemName Sync="TRUE">Low_Employment_ZF</itemName><imsContentType Sync="TRUE">002</imsContentType><itemSize Sync="TRUE">0.000</itemSize><itemLocation><linkage Sync="TRUE">file://\\RSDROUGHT\Users\Leo\Dropbox (GeoAdaptive)\2017_044_BID_Alto_Parana_MASTER\GIS\Analysis\Employment\Low_Employment_ZF.shp</linkage><protocol Sync="TRUE">Local Area Network</protocol></itemLocation></itemProps><coordRef><type Sync="TRUE">Projected</type><geogcsn Sync="TRUE">GCS_WGS_1984</geogcsn><csUnits Sync="TRUE">Linear Unit: Meter (1.000000)</csUnits><projcsn Sync="TRUE">WGS_1984_UTM_Zone_21S</projcsn><peXml Sync="TRUE">&lt;ProjectedCoordinateSystem xsi:type='typens:ProjectedCoordinateSystem' xmlns:xsi='http://www.w3.org/2001/XMLSchema-instance' xmlns:xs='http://www.w3.org/2001/XMLSchema' xmlns:typens='http://www.esri.com/schemas/ArcGIS/10.5'&gt;&lt;WKT&gt;PROJCS[&amp;quot;WGS_1984_UTM_Zone_21S&amp;quot;,GEOGCS[&amp;quot;GCS_WGS_1984&amp;quot;,DATUM[&amp;quot;D_WGS_1984&amp;quot;,SPHEROID[&amp;quot;WGS_1984&amp;quot;,6378137.0,298.257223563]],PRIMEM[&amp;quot;Greenwich&amp;quot;,0.0],UNIT[&amp;quot;Degree&amp;quot;,0.0174532925199433]],PROJECTION[&amp;quot;Transverse_Mercator&amp;quot;],PARAMETER[&amp;quot;False_Easting&amp;quot;,500000.0],PARAMETER[&amp;quot;False_Northing&amp;quot;,10000000.0],PARAMETER[&amp;quot;Central_Meridian&amp;quot;,-57.0],PARAMETER[&amp;quot;Scale_Factor&amp;quot;,0.9996],PARAMETER[&amp;quot;Latitude_Of_Origin&amp;quot;,0.0],UNIT[&amp;quot;Meter&amp;quot;,1.0],AUTHORITY[&amp;quot;EPSG&amp;quot;,32721]]&lt;/WKT&gt;&lt;XOrigin&gt;-5120900&lt;/XOrigin&gt;&lt;YOrigin&gt;1900&lt;/YOrigin&gt;&lt;XYScale&gt;450445547.3910538&lt;/XYScale&gt;&lt;ZOrigin&gt;-100000&lt;/ZOrigin&gt;&lt;ZScale&gt;10000&lt;/ZScale&gt;&lt;MOrigin&gt;-100000&lt;/MOrigin&gt;&lt;MScale&gt;10000&lt;/MScale&gt;&lt;XYTolerance&gt;0.001&lt;/XYTolerance&gt;&lt;ZTolerance&gt;0.001&lt;/ZTolerance&gt;&lt;MTolerance&gt;0.001&lt;/MTolerance&gt;&lt;HighPrecision&gt;true&lt;/HighPrecision&gt;&lt;WKID&gt;32721&lt;/WKID&gt;&lt;LatestWKID&gt;32721&lt;/LatestWKID&gt;&lt;/ProjectedCoordinateSystem&gt;</peXml></coordRef></DataProperties><SyncDate>20180301</SyncDate><SyncTime>20141100</SyncTime><ModDate>20180301</ModDate><ModTime>20141100</ModTime></Esri><dataIdInfo><envirDesc Sync="TRUE"> Version 6.2 (Build 9200) ; Esri ArcGIS 10.5.1.7333</envirDesc><dataLang><languageCode value="eng" Sync="TRUE"></languageCode><countryCode value="USA" Sync="TRUE"></countryCode></dataLang><idCitation><resTitle Sync="TRUE">Low_Employment_ZF</resTitle><presForm><PresFormCd value="005" Sync="TRUE"></PresFormCd></presForm></idCitation><spatRpType><SpatRepTypCd value="001" Sync="TRUE"></SpatRepTypCd></spatRpType></dataIdInfo><mdLang><languageCode value="eng" Sync="TRUE"></languageCode><countryCode value="USA" Sync="TRUE"></countryCode></mdLang><mdChar><CharSetCd value="004" Sync="TRUE"></CharSetCd></mdChar><distInfo><distFormat><formatName Sync="TRUE">Shapefile</formatName></distFormat><distTranOps><transSize Sync="TRUE">0.000</transSize></distTranOps></distInfo><mdHrLv><ScopeCd value="005" Sync="TRUE"></ScopeCd></mdHrLv><mdHrLvName Sync="TRUE">dataset</mdHrLvName><refSysInfo><RefSystem><refSysID><identCode code="32721" Sync="TRUE"></identCode><idCodeSpace Sync="TRUE">EPSG</idCodeSpace><idVersion Sync="TRUE">2.1(3.0.1)</idVersion></refSysID></RefSystem></refSysInfo><spatRepInfo><VectSpatRep><geometObjs Name="Low_Employment_ZF"><geoObjTyp><GeoObjTypCd value="002" Sync="TRUE"></GeoObjTypCd></geoObjTyp><geoObjCnt Sync="TRUE">0</geoObjCnt></geometObjs><topLvl><TopoLevCd value="001" Sync="TRUE"></TopoLevCd></topLvl></VectSpatRep></spatRepInfo><spdoinfo><ptvctinf><esriterm Name="Low_Employment_ZF"><efeatyp Sync="TRUE">Simple</efeatyp><efeageom code="4" Sync="TRUE"></efeageom><esritopo Sync="TRUE">FALSE</esritopo><efeacnt Sync="TRUE">0</efeacnt><spindex Sync="TRUE">FALSE</spindex><linrefer Sync="TRUE">TRUE</linrefer></esriterm></ptvctinf></spdoinfo><eainfo><detailed Name="Low_Employment_ZF"><enttyp><enttypl Sync="TRUE">Low_Employment_ZF</enttypl><enttypt Sync="TRUE">Feature Class</enttypt><enttypc Sync="TRUE">0</enttypc></enttyp><attr><attrlabl Sync="TRUE">FID</attrlabl><attalias Sync="TRUE">FID</attalias><attrtype Sync="TRUE">OID</attrtype><attwidth Sync="TRUE">4</attwidth><atprecis Sync="TRUE">0</atprecis><attscale Sync="TRUE">0</attscale><attrdef Sync="TRUE">Internal feature number.</attrdef><attrdefs Sync="TRUE">Esri</attrdefs><attrdomv><udom Sync="TRUE">Sequential unique whole numbers that are automatically generated.</udom></attrdomv></attr><attr><attrlabl Sync="TRUE">Shape</attrlabl><attalias Sync="TRUE">Shape</attalias><attrtype Sync="TRUE">Geometry</attrtype><attwidth Sync="TRUE">0</attwidth><atprecis Sync="TRUE">0</atprecis><attscale Sync="TRUE">0</attscale><attrdef Sync="TRUE">Feature geometry.</attrdef><attrdefs Sync="TRUE">Esri</attrdefs><attrdomv><udom Sync="TRUE">Coordinates defining the features.</udom></attrdomv></attr><attr><attrlabl Sync="TRUE">IDUSCO</attrlabl><attalias Sync="TRUE">IDUSCO</attalias><attrtype Sync="TRUE">Double</attrtype><attwidth Sync="TRUE">19</attwidth><atprecis Sync="TRUE">0</atprecis><attscale Sync="TRUE">0</attscale></attr><attr><attrlabl Sync="TRUE">ACC</attrlabl><attalias Sync="TRUE">ACC</attalias><attrtype Sync="TRUE">Double</attrtype><attwidth Sync="TRUE">19</attwidth><atprecis Sync="TRUE">0</atprecis><attscale Sync="TRUE">0</attscale></attr><attr><attrlabl Sync="TRUE">NAM</attrlabl><attalias Sync="TRUE">NAM</attalias><attrtype Sync="TRUE">String</attrtype><attwidth Sync="TRUE">100</attwidth><atprecis Sync="TRUE">0</atprecis><attscale Sync="TRUE">0</attscale></attr><attr><attrlabl Sync="TRUE">ZJM</attrlabl><attalias Sync="TRUE">ZJM</attalias><attrtype Sync="TRUE">String</attrtype><attwidth Sync="TRUE">100</attwidth><atprecis Sync="TRUE">0</atprecis><attscale Sync="TRUE">0</attscale></attr><attr><attrlabl Sync="TRUE">ZPP</attrlabl><attalias Sync="TRUE">ZPP</attalias><attrtype Sync="TRUE">Double</attrtype><attwidth Sync="TRUE">19</attwidth><atprecis Sync="TRUE">0</atprecis><attscale Sync="TRUE">0</attscale></attr><attr><attrlabl Sync="TRUE">ACC_LBL</attrlabl><attalias Sync="TRUE">ACC_LBL</attalias><attrtype Sync="TRUE">String</attrtype><attwidth Sync="TRUE">100</attwidth><atprecis Sync="TRUE">0</atprecis><attscale Sync="TRUE">0</attscale></attr><attr><attrlabl Sync="TRUE">ZPP_LBL</attrlabl><attalias Sync="TRUE">ZPP_LBL</attalias><attrtype Sync="TRUE">String</attrtype><attwidth Sync="TRUE">100</attwidth><atprecis Sync="TRUE">0</atprecis><attscale Sync="TRUE">0</attscale></attr><attr><attrlabl Sync="TRUE">OBS</attrlabl><attalias Sync="TRUE">OBS</attalias><attrtype Sync="TRUE">String</attrtype><attwidth Sync="TRUE">50</attwidth><atprecis Sync="TRUE">0</atprecis><attscale Sync="TRUE">0</attscale></attr><attr><attrlabl Sync="TRUE">Department</attrlabl><attalias Sync="TRUE">Department</attalias><attrtype Sync="TRUE">String</attrtype><attwidth Sync="TRUE">254</attwidth><atprecis Sync="TRUE">0</atprecis><attscale Sync="TRUE">0</attscale></attr><attr><attrlabl Sync="TRUE">District_J</attrlabl><attalias Sync="TRUE">District_J</attalias><attrtype Sync="TRUE">String</attrtype><attwidth Sync="TRUE">254</attwidth><atprecis Sync="TRUE">0</atprecis><attscale Sync="TRUE">0</attscale></attr><attr><attrlabl Sync="TRUE">District</attrlabl><attalias Sync="TRUE">District</attalias><attrtype Sync="TRUE">String</attrtype><attwidth Sync="TRUE">254</attwidth><atprecis Sync="TRUE">0</atprecis><attscale Sync="TRUE">0</attscale></attr><attr><attrlabl Sync="TRUE">A0_4</attrlabl><attalias Sync="TRUE">A0_4</attalias><attrtype Sync="TRUE">Double</attrtype><attwidth Sync="TRUE">19</attwidth><atprecis Sync="TRUE">0</atprecis><attscale Sync="TRUE">0</attscale></attr><attr><attrlabl Sync="TRUE">A5_9</attrlabl><attalias Sync="TRUE">A5_9</attalias><attrtype Sync="TRUE">Double</attrtype><attwidth Sync="TRUE">19</attwidth><atprecis Sync="TRUE">0</atprecis><attscale Sync="TRUE">0</attscale></attr><attr><attrlabl Sync="TRUE">A10_14</attrlabl><attalias Sync="TRUE">A10_14</attalias><attrtype Sync="TRUE">Double</attrtype><attwidth Sync="TRUE">19</attwidth><atprecis Sync="TRUE">0</atprecis><attscale Sync="TRUE">0</attscale></attr><attr><attrlabl Sync="TRUE">A15_19</attrlabl><attalias Sync="TRUE">A15_19</attalias><attrtype Sync="TRUE">Double</attrtype><attwidth Sync="TRUE">19</attwidth><atprecis Sync="TRUE">0</atprecis><attscale Sync="TRUE">0</attscale></attr><attr><attrlabl Sync="TRUE">A20_24</attrlabl><attalias Sync="TRUE">A20_24</attalias><attrtype Sync="TRUE">Double</attrtype><attwidth Sync="TRUE">19</attwidth><atprecis Sync="TRUE">0</atprecis><attscale Sync="TRUE">0</attscale></attr><attr><attrlabl Sync="TRUE">A25_29</attrlabl><attalias Sync="TRUE">A25_29</attalias><attrtype Sync="TRUE">Double</attrtype><attwidth Sync="TRUE">19</attwidth><atprecis Sync="TRUE">0</atprecis><attscale Sync="TRUE">0</attscale></attr><attr><attrlabl Sync="TRUE">A30_34</attrlabl><attalias Sync="TRUE">A30_34</attalias><attrtype Sync="TRUE">Double</attrtype><attwidth Sync="TRUE">19</attwidth><atprecis Sync="TRUE">0</atprecis><attscale Sync="TRUE">0</attscale></attr><attr><attrlabl Sync="TRUE">A35_39</attrlabl><attalias Sync="TRUE">A35_39</attalias><attrtype Sync="TRUE">Double</attrtype><attwidth Sync="TRUE">19</attwidth><atprecis Sync="TRUE">0</atprecis><attscale Sync="TRUE">0</attscale></attr><attr><attrlabl Sync="TRUE">A40_44</attrlabl><attalias Sync="TRUE">A40_44</attalias><attrtype Sync="TRUE">Double</attrtype><attwidth Sync="TRUE">19</attwidth><atprecis Sync="TRUE">0</atprecis><attscale Sync="TRUE">0</attscale></attr><attr><attrlabl Sync="TRUE">A45_49</attrlabl><attalias Sync="TRUE">A45_49</attalias><attrtype Sync="TRUE">Double</attrtype><attwidth Sync="TRUE">19</attwidth><atprecis Sync="TRUE">0</atprecis><attscale Sync="TRUE">0</attscale></attr><attr><attrlabl Sync="TRUE">A50_54</attrlabl><attalias Sync="TRUE">A50_54</attalias><attrtype Sync="TRUE">Double</attrtype><attwidth Sync="TRUE">19</attwidth><atprecis Sync="TRUE">0</atprecis><attscale Sync="TRUE">0</attscale></attr><attr><attrlabl Sync="TRUE">A55_59</attrlabl><attalias Sync="TRUE">A55_59</attalias><attrtype Sync="TRUE">Double</attrtype><attwidth Sync="TRUE">19</attwidth><atprecis Sync="TRUE">0</atprecis><attscale Sync="TRUE">0</attscale></attr><attr><attrlabl Sync="TRUE">A60_64</attrlabl><attalias Sync="TRUE">A60_64</attalias><attrtype Sync="TRUE">Double</attrtype><attwidth Sync="TRUE">19</attwidth><atprecis Sync="TRUE">0</atprecis><attscale Sync="TRUE">0</attscale></attr><attr><attrlabl Sync="TRUE">A65_69</attrlabl><attalias Sync="TRUE">A65_69</attalias><attrtype Sync="TRUE">Double</attrtype><attwidth Sync="TRUE">19</attwidth><atprecis Sync="TRUE">0</atprecis><attscale Sync="TRUE">0</attscale></attr><attr><attrlabl Sync="TRUE">A70_74</attrlabl><attalias Sync="TRUE">A70_74</attalias><attrtype Sync="TRUE">Double</attrtype><attwidth Sync="TRUE">19</attwidth><atprecis Sync="TRUE">0</atprecis><attscale Sync="TRUE">0</attscale></attr><attr><attrlabl Sync="TRUE">A75_79</attrlabl><attalias Sync="TRUE">A75_79</attalias><attrtype Sync="TRUE">Double</attrtype><attwidth Sync="TRUE">19</attwidth><atprecis Sync="TRUE">0</atprecis><attscale Sync="TRUE">0</attscale></attr><attr><attrlabl Sync="TRUE">A80_</attrlabl><attalias Sync="TRUE">A80_</attalias><attrtype Sync="TRUE">Double</attrtype><attwidth Sync="TRUE">19</attwidth><atprecis Sync="TRUE">0</atprecis><attscale Sync="TRUE">0</attscale></attr><attr><attrlabl Sync="TRUE">Total_pop</attrlabl><attalias Sync="TRUE">Total_pop</attalias><attrtype Sync="TRUE">Integer</attrtype><attwidth Sync="TRUE">10</attwidth><atprecis Sync="TRUE">10</atprecis><attscale Sync="TRUE">0</attscale></attr><attr><attrlabl Sync="TRUE">A15_64</attrlabl><attalias Sync="TRUE">A15_64</attalias><attrtype Sync="TRUE">Integer</attrtype><attwidth Sync="TRUE">10</attwidth><atprecis Sync="TRUE">10</atprecis><attscale Sync="TRUE">0</attscale></attr><attr><attrlabl Sync="TRUE">other</attrlabl><attalias Sync="TRUE">other</attalias><attrtype Sync="TRUE">Double</attrtype><attwidth Sync="TRUE">19</attwidth><atprecis Sync="TRUE">0</atprecis><attscale Sync="TRUE">0</attscale></attr><attr><attrlabl Sync="TRUE">MUN_DIST</attrlabl><attalias Sync="TRUE">MUN_DIST</attalias><attrtype Sync="TRUE">String</attrtype><attwidth Sync="TRUE">50</attwidth><atprecis Sync="TRUE">0</atprecis><attscale Sync="TRUE">0</attscale></attr><attr><attrlabl Sync="TRUE">Area_km2</attrlabl><attalias Sync="TRUE">Area_km2</attalias><attrtype Sync="TRUE">Double</attrtype><attwidth Sync="TRUE">19</attwidth><atprecis Sync="TRUE">0</atprecis><attscale Sync="TRUE">0</attscale></attr><attr><attrlabl Sync="TRUE">Density_km</attrlabl><attalias Sync="TRUE">Density_km</attalias><attrtype Sync="TRUE">Double</attrtype><attwidth Sync="TRUE">19</attwidth><atprecis Sync="TRUE">0</atprecis><attscale Sync="TRUE">0</attscale></attr><attr><attrlabl Sync="TRUE">CODIGO</attrlabl><attalias Sync="TRUE">CODIGO</attalias><attrtype Sync="TRUE">String</attrtype><attwidth Sync="TRUE">50</attwidth><atprecis Sync="TRUE">0</atprecis><attscale Sync="TRUE">0</attscale></attr><attr><attrlabl Sync="TRUE">REGIAO</attrlabl><attalias Sync="TRUE">REGIAO</attalias><attrtype Sync="TRUE">String</attrtype><attwidth Sync="TRUE">50</attwidth><atprecis Sync="TRUE">0</atprecis><attscale Sync="TRUE">0</attscale></attr><attr><attrlabl Sync="TRUE">DISTRITO</attrlabl><attalias Sync="TRUE">DISTRITO</attalias><attrtype Sync="TRUE">String</attrtype><attwidth Sync="TRUE">254</attwidth><atprecis Sync="TRUE">0</atprecis><attscale Sync="TRUE">0</attscale></attr><attr><attrlabl Sync="TRUE">AGRI_EMP</attrlabl><attalias Sync="TRUE">AGRI_EMP</attalias><attrtype Sync="TRUE">Double</attrtype><attwidth Sync="TRUE">19</attwidth><atprecis Sync="TRUE">0</atprecis><attscale Sync="TRUE">0</attscale></attr><attr><attrlabl Sync="TRUE">AGRI_FIRM</attrlabl><attalias Sync="TRUE">AGRI_FIRM</attalias><attrtype Sync="TRUE">Double</attrtype><attwidth Sync="TRUE">19</attwidth><atprecis Sync="TRUE">0</atprecis><attscale Sync="TRUE">0</attscale></attr><attr><attrlabl Sync="TRUE">IND_EMP</attrlabl><attalias Sync="TRUE">IND_EMP</attalias><attrtype Sync="TRUE">Double</attrtype><attwidth Sync="TRUE">19</attwidth><atprecis Sync="TRUE">0</atprecis><attscale Sync="TRUE">0</attscale></attr><attr><attrlabl Sync="TRUE">IND_FIRM</attrlabl><attalias Sync="TRUE">IND_FIRM</attalias><attrtype Sync="TRUE">Double</attrtype><attwidth Sync="TRUE">19</attwidth><atprecis Sync="TRUE">0</atprecis><attscale Sync="TRUE">0</attscale></attr><attr><attrlabl Sync="TRUE">COM_EMP</attrlabl><attalias Sync="TRUE">COM_EMP</attalias><attrtype Sync="TRUE">Double</attrtype><attwidth Sync="TRUE">19</attwidth><atprecis Sync="TRUE">0</atprecis><attscale Sync="TRUE">0</attscale></attr><attr><attrlabl Sync="TRUE">COM_FIRM</attrlabl><attalias Sync="TRUE">COM_FIRM</attalias><attrtype Sync="TRUE">Double</attrtype><attwidth Sync="TRUE">19</attwidth><atprecis Sync="TRUE">0</atprecis><attscale Sync="TRUE">0</attscale></attr><attr><attrlabl Sync="TRUE">SERV_EMP</attrlabl><attalias Sync="TRUE">SERV_EMP</attalias><attrtype Sync="TRUE">Double</attrtype><attwidth Sync="TRUE">19</attwidth><atprecis Sync="TRUE">0</atprecis><attscale Sync="TRUE">0</attscale></attr><attr><attrlabl Sync="TRUE">SERV_FIRM</attrlabl><attalias Sync="TRUE">SERV_FIRM</attalias><attrtype Sync="TRUE">Double</attrtype><attwidth Sync="TRUE">19</attwidth><atprecis Sync="TRUE">0</atprecis><attscale Sync="TRUE">0</attscale></attr><attr><attrlabl Sync="TRUE">TOT_EMP</attrlabl><attalias Sync="TRUE">TOT_EMP</attalias><attrtype Sync="TRUE">Double</attrtype><attwidth Sync="TRUE">19</attwidth><atprecis Sync="TRUE">0</atprecis><attscale Sync="TRUE">0</attscale></attr><attr><attrlabl Sync="TRUE">TOT_FIRM</attrlabl><attalias Sync="TRUE">TOT_FIRM</attalias><attrtype Sync="TRUE">Double</attrtype><attwidth Sync="TRUE">19</attwidth><atprecis Sync="TRUE">0</atprecis><attscale Sync="TRUE">0</attscale></attr><attr><attrlabl Sync="TRUE">PCT_EMP</attrlabl><attalias Sync="TRUE">PCT_EMP</attalias><attrtype Sync="TRUE">Double</attrtype><attwidth Sync="TRUE">19</attwidth><atprecis Sync="TRUE">0</atprecis><attscale Sync="TRUE">0</attscale></attr><attr><attrlabl Sync="TRUE">CONCENT_AG</attrlabl><attalias Sync="TRUE">CONCENT_AG</attalias><attrtype Sync="TRUE">Double</attrtype><attwidth Sync="TRUE">19</attwidth><atprecis Sync="TRUE">0</atprecis><attscale Sync="TRUE">0</attscale></attr><attr><attrlabl Sync="TRUE">CONCENT_IN</attrlabl><attalias Sync="TRUE">CONCENT_IN</attalias><attrtype Sync="TRUE">Double</attrtype><attwidth Sync="TRUE">19</attwidth><atprecis Sync="TRUE">0</atprecis><attscale Sync="TRUE">0</attscale></attr><attr><attrlabl Sync="TRUE">CONCENT_CO</attrlabl><attalias Sync="TRUE">CONCENT_CO</attalias><attrtype Sync="TRUE">Double</attrtype><attwidth Sync="TRUE">19</attwidth><atprecis Sync="TRUE">0</atprecis><attscale Sync="TRUE">0</attscale></attr><attr><attrlabl Sync="TRUE">CONCENT_SE</attrlabl><attalias Sync="TRUE">CONCENT_SE</attalias><attrtype Sync="TRUE">Double</attrtype><attwidth Sync="TRUE">19</attwidth><atprecis Sync="TRUE">0</atprecis><attscale Sync="TRUE">0</attscale></attr><attr><attrlabl Sync="TRUE">HIGH_CONCE</attrlabl><attalias Sync="TRUE">HIGH_CONCE</attalias><attrtype Sync="TRUE">Double</attrtype><attwidth Sync="TRUE">19</attwidth><atprecis Sync="TRUE">0</atprecis><attscale Sync="TRUE">0</attscale></attr><attr><attrlabl Sync="TRUE">SECTOR_CON</attrlabl><attalias Sync="TRUE">SECTOR_CON</attalias><attrtype Sync="TRUE">String</attrtype><attwidth Sync="TRUE">50</attwidth><atprecis Sync="TRUE">0</atprecis><attscale Sync="TRUE">0</attscale></attr><attr><attrlabl Sync="TRUE">OBJECTID</attrlabl><attalias Sync="TRUE">OBJECTID</attalias><attrtype Sync="TRUE">Integer</attrtype><attwidth Sync="TRUE">10</attwidth><atprecis Sync="TRUE">10</atprecis><attscale Sync="TRUE">0</attscale></attr><attr><attrlabl Sync="TRUE">ID</attrlabl><attalias Sync="TRUE">ID</attalias><attrtype Sync="TRUE">Double</attrtype><attwidth Sync="TRUE">19</attwidth><atprecis Sync="TRUE">0</atprecis><attscale Sync="TRUE">0</attscale></attr><attr><attrlabl Sync="TRUE">area</attrlabl><attalias Sync="TRUE">area</attalias><attrtype Sync="TRUE">Integer</attrtype><attwidth Sync="TRUE">10</attwidth><atprecis Sync="TRUE">10</atprecis><attscale Sync="TRUE">0</attscale></attr><attr><attrlabl Sync="TRUE">MUN</attrlabl><attalias Sync="TRUE">MUN</attalias><attrtype Sync="TRUE">String</attrtype><attwidth Sync="TRUE">254</attwidth><atprecis Sync="TRUE">0</atprecis><attscale Sync="TRUE">0</attscale></attr><attr><attrlabl Sync="TRUE">COD_IBGE</attrlabl><attalias Sync="TRUE">COD_IBGE</attalias><attrtype Sync="TRUE">String</attrtype><attwidth Sync="TRUE">254</attwidth><atprecis Sync="TRUE">0</atprecis><attscale Sync="TRUE">0</attscale></attr></detailed></eainfo><mdDateSt Sync="TRUE">20180301</mdDateSt></metadata>
